,일자,확진자,누적 확진자,사망자,누적 사망자,국가코드
760,2020-01-20,0,0,0,0,TW
761,2020-01-21,0,0,0,0,TW
762,2020-01-22,0,0,0,0,TW
763,2020-01-23,0,0,0,0,TW
764,2020-01-24,0,0,0,0,TW
765,2020-01-25,0,0,0,0,TW
766,2020-01-26,0,0,0,0,TW
767,2020-01-27,0,0,0,0,TW
768,2020-01-28,0,0,0,0,TW
769,2020-01-29,0,0,0,0,TW
770,2020-01-30,0,0,0,0,TW
771,2020-01-31,0,0,0,0,TW
772,2020-02-01,0,0,0,0,TW
773,2020-02-02,0,0,0,0,TW
774,2020-02-03,0,0,0,0,TW
775,2020-02-04,0,0,0,0,TW
776,2020-02-05,0,0,0,0,TW
777,2020-02-06,0,0,0,0,TW
778,2020-02-07,0,0,0,0,TW
779,2020-02-08,0,0,0,0,TW
780,2020-02-09,0,0,0,0,TW
781,2020-02-10,0,0,0,0,TW
782,2020-02-11,0,0,0,0,TW
783,2020-02-12,0,0,0,0,TW
784,2020-02-13,0,0,0,0,TW
785,2020-02-14,0,0,0,0,TW
786,2020-02-15,0,0,0,0,TW
787,2020-02-16,0,0,0,0,TW
788,2020-02-17,0,0,0,0,TW
789,2020-02-18,0,0,0,0,TW
790,2020-02-19,0,0,0,0,TW
791,2020-02-20,0,0,0,0,TW
792,2020-02-21,0,0,0,0,TW
793,2020-02-22,0,0,0,0,TW
794,2020-02-23,0,0,0,0,TW
795,2020-02-24,0,0,0,0,TW
796,2020-02-25,0,0,0,0,TW
797,2020-02-26,0,0,0,0,TW
798,2020-02-27,0,0,0,0,TW
799,2020-02-28,0,0,0,0,TW
800,2020-02-29,0,0,0,0,TW
801,2020-03-01,0,0,0,0,TW
802,2020-03-02,0,0,0,0,TW
803,2020-03-03,0,0,0,0,TW
804,2020-03-04,0,0,0,0,TW
805,2020-03-05,0,0,0,0,TW
806,2020-03-06,0,0,0,0,TW
807,2020-03-07,0,0,0,0,TW
808,2020-03-08,0,0,0,0,TW
809,2020-03-09,0,0,0,0,TW
810,2020-03-10,0,0,0,0,TW
811,2020-03-11,0,0,0,0,TW
812,2020-03-12,0,0,0,0,TW
813,2020-03-13,0,0,0,0,TW
814,2020-03-14,0,0,0,0,TW
815,2020-03-15,0,0,0,0,TW
0,2020-03-16,59,59,1,1,TW
1,2020-03-17,8,67,0,1,TW
2,2020-03-18,10,77,0,1,TW
3,2020-03-19,23,100,0,1,TW
4,2020-03-20,8,108,0,1,TW
5,2020-03-21,27,135,1,2,TW
6,2020-03-22,18,153,0,2,TW
7,2020-03-23,16,169,0,2,TW
8,2020-03-24,26,195,0,2,TW
9,2020-03-25,21,216,0,2,TW
10,2020-03-26,19,235,0,2,TW
11,2020-03-27,17,252,0,2,TW
12,2020-03-28,15,267,0,2,TW
13,2020-03-29,16,283,0,2,TW
14,2020-03-30,15,298,0,2,TW
15,2020-03-31,8,306,3,5,TW
16,2020-04-01,16,322,0,5,TW
17,2020-04-02,7,329,0,5,TW
18,2020-04-03,10,339,0,5,TW
19,2020-04-04,9,348,0,5,TW
20,2020-04-05,7,355,0,5,TW
21,2020-04-06,8,363,0,5,TW
22,2020-04-07,10,373,0,5,TW
23,2020-04-08,3,376,0,5,TW
24,2020-04-09,3,379,0,5,TW
25,2020-04-10,1,380,0,5,TW
26,2020-04-11,2,382,1,6,TW
27,2020-04-12,3,385,0,6,TW
28,2020-04-13,3,388,0,6,TW
29,2020-04-14,5,393,0,6,TW
30,2020-04-15,0,393,0,6,TW
31,2020-04-16,2,395,0,6,TW
32,2020-04-17,0,395,0,6,TW
33,2020-04-18,0,395,0,6,TW
34,2020-04-19,3,398,0,6,TW
35,2020-04-20,22,420,0,6,TW
36,2020-04-21,2,422,0,6,TW
37,2020-04-22,3,425,0,6,TW
38,2020-04-23,1,426,0,6,TW
39,2020-04-24,1,427,0,6,TW
40,2020-04-25,1,428,0,6,TW
41,2020-04-26,1,429,0,6,TW
42,2020-04-27,0,429,0,6,TW
43,2020-04-28,0,429,0,6,TW
44,2020-04-29,0,429,0,6,TW
45,2020-04-30,0,429,0,6,TW
46,2020-05-01,0,429,0,6,TW
47,2020-05-02,0,429,0,6,TW
48,2020-05-03,3,432,0,6,TW
49,2020-05-04,0,432,0,6,TW
50,2020-05-05,6,438,0,6,TW
51,2020-05-06,0,438,0,6,TW
52,2020-05-07,1,439,0,6,TW
53,2020-05-08,1,440,0,6,TW
54,2020-05-09,0,440,0,6,TW
55,2020-05-10,0,440,0,6,TW
56,2020-05-11,0,440,0,6,TW
57,2020-05-12,0,440,0,6,TW
58,2020-05-13,0,440,1,7,TW
59,2020-05-14,0,440,0,7,TW
60,2020-05-15,0,440,0,7,TW
61,2020-05-16,0,440,0,7,TW
62,2020-05-17,0,440,0,7,TW
63,2020-05-18,0,440,0,7,TW
64,2020-05-19,0,440,0,7,TW
65,2020-05-20,0,440,0,7,TW
66,2020-05-21,0,440,0,7,TW
67,2020-05-22,1,441,0,7,TW
68,2020-05-23,0,441,0,7,TW
69,2020-05-24,0,441,0,7,TW
70,2020-05-25,0,441,0,7,TW
71,2020-05-26,0,441,0,7,TW
72,2020-05-27,0,441,0,7,TW
73,2020-05-28,0,441,0,7,TW
74,2020-05-29,0,441,0,7,TW
75,2020-05-30,1,442,0,7,TW
76,2020-05-31,0,442,0,7,TW
77,2020-06-01,0,442,0,7,TW
78,2020-06-02,1,443,0,7,TW
79,2020-06-03,0,443,0,7,TW
80,2020-06-04,0,443,0,7,TW
81,2020-06-05,0,443,0,7,TW
82,2020-06-06,0,443,0,7,TW
83,2020-06-07,0,443,0,7,TW
84,2020-06-08,0,443,0,7,TW
85,2020-06-09,0,443,0,7,TW
86,2020-06-10,0,443,0,7,TW
87,2020-06-11,0,443,0,7,TW
88,2020-06-12,0,443,0,7,TW
89,2020-06-13,0,443,0,7,TW
90,2020-06-14,0,443,0,7,TW
91,2020-06-15,0,443,0,7,TW
92,2020-06-16,2,445,0,7,TW
93,2020-06-17,0,445,0,7,TW
94,2020-06-18,0,445,0,7,TW
95,2020-06-19,1,446,0,7,TW
96,2020-06-20,0,446,0,7,TW
97,2020-06-21,0,446,0,7,TW
98,2020-06-22,0,446,0,7,TW
99,2020-06-23,0,446,0,7,TW
100,2020-06-24,0,446,0,7,TW
101,2020-06-25,0,446,0,7,TW
102,2020-06-26,1,447,0,7,TW
103,2020-06-27,0,447,0,7,TW
104,2020-06-28,0,447,0,7,TW
105,2020-06-29,0,447,0,7,TW
106,2020-06-30,0,447,0,7,TW
107,2020-07-01,0,447,0,7,TW
108,2020-07-02,0,447,0,7,TW
109,2020-07-03,1,448,0,7,TW
110,2020-07-04,1,449,0,7,TW
111,2020-07-05,0,449,0,7,TW
112,2020-07-06,0,449,0,7,TW
113,2020-07-07,0,449,0,7,TW
114,2020-07-08,0,449,0,7,TW
115,2020-07-09,0,449,0,7,TW
116,2020-07-10,0,449,0,7,TW
117,2020-07-11,2,451,0,7,TW
118,2020-07-12,0,451,0,7,TW
119,2020-07-13,0,451,0,7,TW
120,2020-07-14,0,451,0,7,TW
121,2020-07-15,0,451,0,7,TW
122,2020-07-16,0,451,0,7,TW
123,2020-07-17,1,452,0,7,TW
124,2020-07-18,2,454,0,7,TW
125,2020-07-19,0,454,0,7,TW
126,2020-07-20,1,455,0,7,TW
127,2020-07-21,0,455,0,7,TW
128,2020-07-22,0,455,0,7,TW
129,2020-07-23,0,455,0,7,TW
130,2020-07-24,0,455,0,7,TW
131,2020-07-25,3,458,0,7,TW
132,2020-07-26,0,458,0,7,TW
133,2020-07-27,0,458,0,7,TW
134,2020-07-28,4,462,0,7,TW
135,2020-07-29,5,467,0,7,TW
136,2020-07-30,0,467,0,7,TW
137,2020-07-31,0,467,0,7,TW
138,2020-08-01,0,467,0,7,TW
139,2020-08-02,7,474,0,7,TW
140,2020-08-03,1,475,0,7,TW
141,2020-08-04,0,475,0,7,TW
142,2020-08-05,1,476,0,7,TW
143,2020-08-06,0,476,0,7,TW
144,2020-08-07,1,477,0,7,TW
145,2020-08-08,0,477,0,7,TW
146,2020-08-09,0,477,0,7,TW
147,2020-08-10,3,480,0,7,TW
148,2020-08-11,0,480,0,7,TW
149,2020-08-12,0,480,0,7,TW
150,2020-08-13,1,481,0,7,TW
151,2020-08-14,0,481,0,7,TW
152,2020-08-15,0,481,0,7,TW
153,2020-08-16,1,482,0,7,TW
154,2020-08-17,2,484,0,7,TW
155,2020-08-18,1,485,0,7,TW
156,2020-08-19,1,486,0,7,TW
157,2020-08-20,0,486,0,7,TW
158,2020-08-21,0,486,0,7,TW
159,2020-08-22,1,487,0,7,TW
160,2020-08-23,0,487,0,7,TW
161,2020-08-24,0,487,0,7,TW
162,2020-08-25,0,487,0,7,TW
163,2020-08-26,0,487,0,7,TW
164,2020-08-27,0,487,0,7,TW
165,2020-08-28,0,487,0,7,TW
166,2020-08-29,1,488,0,7,TW
816,2020-08-30,0,488,0,7,TW
168,2020-08-31,0,488,0,7,TW
169,2020-09-01,0,488,0,7,TW
170,2020-09-02,0,488,0,7,TW
171,2020-09-03,1,489,0,7,TW
172,2020-09-04,0,489,0,7,TW
173,2020-09-05,1,490,0,7,TW
174,2020-09-06,2,492,0,7,TW
175,2020-09-07,1,493,0,7,TW
176,2020-09-08,1,494,0,7,TW
177,2020-09-09,1,495,0,7,TW
178,2020-09-10,0,495,0,7,TW
179,2020-09-11,1,496,0,7,TW
180,2020-09-12,2,498,0,7,TW
181,2020-09-13,0,498,0,7,TW
182,2020-09-14,0,498,0,7,TW
183,2020-09-15,1,499,0,7,TW
184,2020-09-16,0,499,0,7,TW
185,2020-09-17,1,500,0,7,TW
186,2020-09-18,3,503,0,7,TW
187,2020-09-19,0,503,0,7,TW
188,2020-09-20,3,506,0,7,TW
189,2020-09-21,1,507,0,7,TW
190,2020-09-22,2,509,0,7,TW
191,2020-09-23,0,509,0,7,TW
192,2020-09-24,0,509,0,7,TW
193,2020-09-25,0,509,0,7,TW
194,2020-09-26,1,510,0,7,TW
195,2020-09-27,0,510,0,7,TW
196,2020-09-28,0,510,0,7,TW
197,2020-09-29,3,513,0,7,TW
198,2020-09-30,0,513,0,7,TW
199,2020-10-01,1,514,0,7,TW
200,2020-10-02,1,515,0,7,TW
201,2020-10-03,2,517,0,7,TW
202,2020-10-04,0,517,0,7,TW
203,2020-10-05,0,517,0,7,TW
204,2020-10-06,1,518,0,7,TW
205,2020-10-07,3,521,0,7,TW
206,2020-10-08,2,523,0,7,TW
207,2020-10-09,1,524,0,7,TW
208,2020-10-10,3,527,0,7,TW
209,2020-10-11,0,527,0,7,TW
210,2020-10-12,0,527,0,7,TW
211,2020-10-13,2,529,0,7,TW
212,2020-10-14,1,530,0,7,TW
213,2020-10-15,0,530,0,7,TW
214,2020-10-16,1,531,0,7,TW
215,2020-10-17,4,535,0,7,TW
216,2020-10-18,0,535,0,7,TW
217,2020-10-19,0,535,0,7,TW
218,2020-10-20,5,540,0,7,TW
219,2020-10-21,3,543,0,7,TW
220,2020-10-22,1,544,0,7,TW
221,2020-10-23,4,548,0,7,TW
222,2020-10-24,0,548,0,7,TW
223,2020-10-25,2,550,0,7,TW
224,2020-10-26,0,550,0,7,TW
225,2020-10-27,0,550,0,7,TW
226,2020-10-28,0,550,0,7,TW
227,2020-10-29,0,550,0,7,TW
228,2020-10-30,3,553,0,7,TW
229,2020-10-31,1,554,0,7,TW
230,2020-11-01,1,555,0,7,TW
231,2020-11-02,3,558,0,7,TW
817,2020-11-03,0,563,0,7,TW
233,2020-11-04,4,567,0,7,TW
234,2020-11-05,1,568,0,7,TW
235,2020-11-06,1,569,0,7,TW
236,2020-11-07,4,573,0,7,TW
237,2020-11-08,0,573,0,7,TW
238,2020-11-09,4,577,0,7,TW
239,2020-11-10,1,578,0,7,TW
240,2020-11-11,2,580,0,7,TW
241,2020-11-12,4,584,0,7,TW
242,2020-11-13,5,589,0,7,TW
243,2020-11-14,8,597,0,7,TW
244,2020-11-15,3,600,0,7,TW
245,2020-11-16,2,602,0,7,TW
246,2020-11-17,1,603,0,7,TW
247,2020-11-18,2,605,0,7,TW
248,2020-11-19,0,605,0,7,TW
249,2020-11-20,4,609,0,7,TW
250,2020-11-21,2,611,0,7,TW
251,2020-11-22,0,611,0,7,TW
252,2020-11-23,6,617,0,7,TW
253,2020-11-24,1,618,0,7,TW
254,2020-11-25,0,618,0,7,TW
255,2020-11-26,5,623,0,7,TW
256,2020-11-27,2,625,0,7,TW
257,2020-11-28,14,639,0,7,TW
258,2020-11-29,9,648,0,7,TW
259,2020-11-30,3,651,0,7,TW
818,2020-12-01,0,675,0,7,TW
261,2020-12-02,0,675,0,7,TW
262,2020-12-03,10,685,0,7,TW
263,2020-12-04,1,686,0,7,TW
264,2020-12-05,4,690,0,7,TW
265,2020-12-06,3,693,0,7,TW
266,2020-12-07,23,716,0,7,TW
267,2020-12-08,0,716,0,7,TW
268,2020-12-09,2,718,0,7,TW
269,2020-12-10,2,720,0,7,TW
270,2020-12-11,4,724,0,7,TW
271,2020-12-12,1,725,0,7,TW
272,2020-12-13,8,733,0,7,TW
273,2020-12-14,3,736,0,7,TW
274,2020-12-15,4,740,0,7,TW
275,2020-12-16,2,742,0,7,TW
277,2020-12-17,7,749,0,7,TW
278,2020-12-18,17,766,0,7,TW
280,2020-12-19,-7,759,0,7,TW
281,2020-12-20,4,763,0,7,TW
282,2020-12-21,3,766,0,7,TW
283,2020-12-22,0,766,0,7,TW
284,2020-12-23,4,770,0,7,TW
285,2020-12-24,6,776,0,7,TW
286,2020-12-25,0,776,0,7,TW
287,2020-12-26,4,780,0,7,TW
288,2020-12-27,3,783,0,7,TW
289,2020-12-28,2,785,0,7,TW
290,2020-12-29,8,793,0,7,TW
291,2020-12-30,2,795,0,7,TW
292,2020-12-31,2,797,0,7,TW
293,2021-01-01,2,799,0,7,TW
294,2021-01-02,3,802,0,7,TW
295,2021-01-03,6,808,0,7,TW
296,2021-01-04,4,812,0,7,TW
297,2021-01-05,3,815,0,7,TW
298,2021-01-06,2,817,0,7,TW
299,2021-01-07,2,819,0,7,TW
300,2021-01-08,3,822,0,7,TW
301,2021-01-09,3,825,0,7,TW
302,2021-01-10,3,828,0,7,TW
303,2021-01-11,0,828,0,7,TW
304,2021-01-12,6,834,0,7,TW
305,2021-01-13,4,838,0,7,TW
306,2021-01-14,4,842,0,7,TW
307,2021-01-15,0,842,0,7,TW
308,2021-01-16,1,843,0,7,TW
309,2021-01-17,7,850,0,7,TW
310,2021-01-18,5,855,0,7,TW
311,2021-01-19,7,862,0,7,TW
312,2021-01-20,6,868,0,7,TW
313,2021-01-21,2,870,0,7,TW
314,2021-01-22,3,873,0,7,TW
315,2021-01-23,8,881,0,7,TW
316,2021-01-24,3,884,0,7,TW
317,2021-01-25,5,889,0,7,TW
318,2021-01-26,0,889,0,7,TW
319,2021-01-27,1,890,0,7,TW
320,2021-01-28,3,893,0,7,TW
321,2021-01-29,2,895,0,7,TW
322,2021-01-30,4,899,0,7,TW
323,2021-01-31,10,909,1,8,TW
324,2021-02-01,2,911,0,8,TW
325,2021-02-02,0,911,0,8,TW
326,2021-02-03,4,915,0,8,TW
327,2021-02-04,2,917,0,8,TW
328,2021-02-05,2,919,1,9,TW
329,2021-02-06,4,923,0,9,TW
330,2021-02-07,0,923,0,9,TW
331,2021-02-08,4,927,0,9,TW
332,2021-02-09,1,928,0,9,TW
333,2021-02-10,5,933,0,9,TW
334,2021-02-11,2,935,0,9,TW
335,2021-02-12,1,936,0,9,TW
336,2021-02-13,1,937,0,9,TW
337,2021-02-14,0,937,0,9,TW
338,2021-02-15,0,937,0,9,TW
339,2021-02-16,0,937,0,9,TW
340,2021-02-17,0,937,0,9,TW
341,2021-02-18,1,938,0,9,TW
342,2021-02-19,2,940,0,9,TW
343,2021-02-20,1,941,0,9,TW
344,2021-02-21,1,942,0,9,TW
345,2021-02-22,0,942,0,9,TW
346,2021-02-23,0,942,0,9,TW
347,2021-02-24,0,942,0,9,TW
348,2021-02-25,4,946,0,9,TW
349,2021-02-26,5,951,0,9,TW
350,2021-02-27,0,951,0,9,TW
351,2021-02-28,3,954,0,9,TW
352,2021-03-01,1,955,0,9,TW
353,2021-03-02,0,955,0,9,TW
354,2021-03-03,0,955,0,9,TW
355,2021-03-04,3,958,0,9,TW
356,2021-03-05,2,960,0,9,TW
357,2021-03-06,0,960,0,9,TW
358,2021-03-07,7,967,1,10,TW
359,2021-03-08,2,969,0,10,TW
360,2021-03-09,7,976,0,10,TW
361,2021-03-10,1,977,0,10,TW
362,2021-03-11,1,978,0,10,TW
363,2021-03-12,0,978,0,10,TW
364,2021-03-13,6,984,0,10,TW
365,2021-03-14,0,984,0,10,TW
366,2021-03-15,1,985,0,10,TW
367,2021-03-16,5,990,0,10,TW
368,2021-03-17,0,990,0,10,TW
369,2021-03-18,0,990,0,10,TW
370,2021-03-19,8,998,0,10,TW
371,2021-03-20,6,1004,0,10,TW
372,2021-03-21,1,1005,0,10,TW
373,2021-03-22,1,1006,0,10,TW
374,2021-03-23,0,1006,0,10,TW
375,2021-03-24,1,1007,0,10,TW
376,2021-03-25,0,1007,0,10,TW
377,2021-03-26,5,1012,0,10,TW
378,2021-03-27,1,1013,0,10,TW
379,2021-03-28,7,1020,0,10,TW
380,2021-03-29,0,1020,0,10,TW
381,2021-03-30,3,1023,0,10,TW
382,2021-03-31,1,1024,0,10,TW
383,2021-04-01,0,1024,0,10,TW
384,2021-04-02,0,1024,0,10,TW
385,2021-04-03,0,1024,0,10,TW
386,2021-04-04,21,1045,0,10,TW
387,2021-04-05,2,1047,0,10,TW
388,2021-04-06,1,1048,0,10,TW
389,2021-04-07,2,1050,0,10,TW
390,2021-04-08,0,1050,0,10,TW
391,2021-04-09,0,1050,0,10,TW
392,2021-04-10,4,1054,0,10,TW
393,2021-04-11,2,1056,0,10,TW
394,2021-04-12,1,1057,1,11,TW
395,2021-04-13,1,1058,0,11,TW
396,2021-04-14,4,1062,0,11,TW
397,2021-04-15,5,1067,0,11,TW
398,2021-04-16,1,1068,0,11,TW
399,2021-04-17,2,1070,0,11,TW
400,2021-04-18,4,1074,0,11,TW
401,2021-04-19,0,1074,0,11,TW
402,2021-04-20,2,1076,0,11,TW
403,2021-04-21,2,1078,0,11,TW
404,2021-04-22,4,1082,0,11,TW
405,2021-04-23,4,1086,0,11,TW
406,2021-04-24,4,1090,0,11,TW
407,2021-04-25,7,1097,0,11,TW
408,2021-04-26,3,1100,1,12,TW
409,2021-04-27,4,1104,0,12,TW
410,2021-04-28,6,1110,0,12,TW
411,2021-04-29,6,1116,0,12,TW
412,2021-04-30,5,1121,0,12,TW
413,2021-05-01,7,1128,0,12,TW
414,2021-05-02,4,1132,0,12,TW
415,2021-05-03,5,1137,0,12,TW
416,2021-05-04,8,1145,0,12,TW
417,2021-05-05,8,1153,0,12,TW
418,2021-05-06,7,1160,0,12,TW
419,2021-05-07,13,1173,0,12,TW
420,2021-05-08,5,1178,0,12,TW
421,2021-05-09,5,1183,0,12,TW
422,2021-05-10,1,1184,0,12,TW
423,2021-05-11,15,1199,0,12,TW
424,2021-05-12,11,1210,0,12,TW
425,2021-05-13,21,1231,0,12,TW
426,2021-05-14,25,1256,0,12,TW
427,2021-05-15,34,1290,0,12,TW
428,2021-05-16,185,1475,0,12,TW
429,2021-05-17,207,1682,0,12,TW
430,2021-05-18,335,2017,0,12,TW
431,2021-05-19,243,2260,2,14,TW
432,2021-05-20,273,2533,0,14,TW
433,2021-05-21,292,2825,1,15,TW
434,2021-05-22,314,3139,0,15,TW
435,2021-05-23,723,3862,2,17,TW
436,2021-05-24,460,4322,0,17,TW
437,2021-05-25,595,4917,12,29,TW
438,2021-05-26,539,5456,6,35,TW
439,2021-05-27,635,6091,11,46,TW
440,2021-05-28,670,6761,13,59,TW
441,2021-05-29,554,7315,19,78,TW
442,2021-05-30,491,7806,21,99,TW
443,2021-05-31,354,8160,10,109,TW
444,2021-06-01,351,8511,15,124,TW
445,2021-06-02,331,8842,13,137,TW
446,2021-06-03,547,9389,12,149,TW
447,2021-06-04,585,9974,17,166,TW
448,2021-06-05,472,10446,21,187,TW
449,2021-06-06,510,10956,37,224,TW
450,2021-06-07,342,11298,36,260,TW
451,2021-06-08,193,11491,26,286,TW
452,2021-06-09,203,11694,22,308,TW
453,2021-06-10,274,11968,25,333,TW
454,2021-06-11,254,12222,28,361,TW
455,2021-06-12,278,12500,24,385,TW
456,2021-06-13,246,12746,26,411,TW
457,2021-06-14,175,12921,26,437,TW
458,2021-06-15,185,13106,15,452,TW
459,2021-06-16,135,13241,8,460,TW
460,2021-06-17,168,13409,18,478,TW
461,2021-06-18,175,13584,19,497,TW
463,2021-06-19,0,13771,0,518,TW
819,2021-06-20,0,13771,0,518,TW
820,2021-06-21,0,13771,0,518,TW
464,2021-06-22,309,14080,51,569,TW
465,2021-06-23,77,14157,6,575,TW
466,2021-06-24,103,14260,24,599,TW
467,2021-06-25,129,14389,6,605,TW
468,2021-06-26,76,14465,5,610,TW
821,2021-06-27,0,14465,0,610,TW
822,2021-06-28,0,14465,0,610,TW
469,2021-06-29,229,14694,25,635,TW
470,2021-06-30,54,14748,8,643,TW
471,2021-07-01,56,14804,5,648,TW
472,2021-07-02,49,14853,13,661,TW
473,2021-07-03,58,14911,15,676,TW
823,2021-07-04,0,14911,0,676,TW
824,2021-07-05,0,14911,0,676,TW
474,2021-07-06,150,15061,13,689,TW
475,2021-07-07,27,15088,17,706,TW
477,2021-07-08,0,15149,0,718,TW
479,2021-07-09,0,15273,0,741,TW
825,2021-07-10,0,15273,0,741,TW
826,2021-07-11,0,15273,0,741,TW
827,2021-07-12,0,15273,0,741,TW
828,2021-07-13,0,15273,0,741,TW
480,2021-07-14,29,15302,6,747,TW
481,2021-07-15,26,15328,6,753,TW
482,2021-07-16,18,15346,6,759,TW
483,2021-07-17,32,15378,4,763,TW
829,2021-07-18,0,15378,0,763,TW
830,2021-07-19,0,15378,0,763,TW
484,2021-07-20,51,15429,6,769,TW
485,2021-07-21,24,15453,4,773,TW
486,2021-07-22,25,15478,5,778,TW
487,2021-07-23,33,15511,4,782,TW
488,2021-07-24,24,15535,2,784,TW
831,2021-07-25,0,15535,0,784,TW
832,2021-07-26,0,15535,0,784,TW
489,2021-07-27,47,15582,2,786,TW
833,2021-07-28,0,15582,0,786,TW
491,2021-07-29,37,15619,1,787,TW
492,2021-07-30,18,15637,0,787,TW
493,2021-07-31,25,15662,0,787,TW
834,2021-08-01,0,15662,0,787,TW
835,2021-08-02,0,15662,0,787,TW
494,2021-08-03,40,15702,2,789,TW
495,2021-08-04,19,15721,2,791,TW
496,2021-08-05,21,15742,0,791,TW
497,2021-08-06,11,15753,0,791,TW
498,2021-08-07,12,15765,3,794,TW
836,2021-08-08,0,15765,0,794,TW
837,2021-08-09,0,15765,0,794,TW
499,2021-08-10,25,15790,19,813,TW
500,2021-08-11,8,15798,1,814,TW
501,2021-08-12,16,15814,2,816,TW
502,2021-08-13,6,15820,1,817,TW
503,2021-08-14,16,15836,2,819,TW
838,2021-08-15,0,15836,0,819,TW
839,2021-08-16,0,15836,0,819,TW
504,2021-08-17,26,15862,2,821,TW
505,2021-08-18,18,15880,0,821,TW
506,2021-08-19,11,15891,0,821,TW
507,2021-08-20,6,15897,5,826,TW
508,2021-08-21,9,15906,1,827,TW
840,2021-08-22,0,15906,0,827,TW
841,2021-08-23,0,15906,0,827,TW
509,2021-08-24,26,15932,1,828,TW
510,2021-08-25,6,15938,1,829,TW
511,2021-08-26,1,15939,1,830,TW
512,2021-08-27,8,15947,2,832,TW
513,2021-08-28,7,15954,1,833,TW
842,2021-08-29,0,15954,0,833,TW
843,2021-08-30,0,15954,0,833,TW
514,2021-08-31,37,15991,1,834,TW
515,2021-09-01,4,15995,1,835,TW
516,2021-09-02,6,16001,1,836,TW
517,2021-09-03,5,16006,1,837,TW
518,2021-09-04,6,16012,0,837,TW
844,2021-09-05,0,16012,0,837,TW
845,2021-09-06,0,16012,0,837,TW
520,2021-09-07,0,16035,0,837,TW
846,2021-09-08,0,16035,0,837,TW
521,2021-09-09,21,16056,0,837,TW
522,2021-09-10,6,16062,1,838,TW
523,2021-09-11,7,16069,1,839,TW
847,2021-09-12,0,16069,0,839,TW
848,2021-09-13,0,16069,0,839,TW
524,2021-09-14,24,16093,0,839,TW
526,2021-09-15,0,16098,0,839,TW
527,2021-09-16,5,16103,0,839,TW
528,2021-09-17,12,16115,0,839,TW
529,2021-09-18,8,16123,0,839,TW
849,2021-09-19,0,16123,0,839,TW
850,2021-09-20,0,16123,0,839,TW
530,2021-09-21,24,16147,1,840,TW
531,2021-09-22,5,16152,0,840,TW
532,2021-09-23,7,16159,1,841,TW
533,2021-09-24,9,16168,0,841,TW
534,2021-09-25,8,16176,0,841,TW
851,2021-09-26,0,16176,0,841,TW
852,2021-09-27,0,16176,0,841,TW
535,2021-09-28,22,16198,1,842,TW
536,2021-09-29,7,16205,0,842,TW
537,2021-09-30,11,16216,0,842,TW
538,2021-10-01,7,16223,0,842,TW
539,2021-10-02,11,16234,1,843,TW
853,2021-10-03,0,16234,0,843,TW
854,2021-10-04,0,16234,0,843,TW
540,2021-10-05,21,16255,1,844,TW
542,2021-10-06,7,16262,0,844,TW
543,2021-10-07,5,16267,0,844,TW
544,2021-10-08,4,16271,0,844,TW
545,2021-10-09,12,16283,1,845,TW
855,2021-10-10,0,16283,0,845,TW
856,2021-10-11,0,16283,0,845,TW
546,2021-10-12,22,16305,1,846,TW
547,2021-10-13,4,16309,0,846,TW
548,2021-10-14,4,16313,0,846,TW
549,2021-10-15,8,16321,0,846,TW
550,2021-10-16,4,16325,0,846,TW
857,2021-10-17,0,16325,0,846,TW
858,2021-10-18,0,16325,0,846,TW
551,2021-10-19,12,16337,0,846,TW
552,2021-10-20,6,16343,0,846,TW
553,2021-10-21,4,16347,0,846,TW
554,2021-10-22,2,16349,0,846,TW
555,2021-10-23,8,16357,0,846,TW
859,2021-10-24,0,16357,0,846,TW
860,2021-10-25,0,16357,0,846,TW
556,2021-10-26,19,16376,1,847,TW
557,2021-10-27,4,16380,0,847,TW
558,2021-10-28,8,16388,0,847,TW
559,2021-10-29,6,16394,0,847,TW
560,2021-10-30,5,16399,0,847,TW
861,2021-10-31,0,16399,0,847,TW
862,2021-11-01,0,16399,0,847,TW
561,2021-11-02,18,16417,0,847,TW
562,2021-11-03,4,16421,0,847,TW
563,2021-11-04,7,16428,0,847,TW
564,2021-11-05,2,16430,0,847,TW
565,2021-11-06,7,16437,0,847,TW
863,2021-11-07,0,16437,0,847,TW
864,2021-11-08,0,16437,0,847,TW
566,2021-11-09,8,16445,0,847,TW
567,2021-11-10,6,16451,1,848,TW
568,2021-11-11,5,16456,0,848,TW
569,2021-11-12,9,16465,0,848,TW
570,2021-11-13,10,16475,0,848,TW
865,2021-11-14,0,16475,0,848,TW
866,2021-11-15,0,16475,0,848,TW
571,2021-11-16,21,16496,0,848,TW
572,2021-11-17,2,16498,0,848,TW
573,2021-11-18,5,16503,0,848,TW
574,2021-11-19,3,16506,0,848,TW
575,2021-11-20,10,16516,0,848,TW
867,2021-11-21,0,16516,0,848,TW
868,2021-11-22,0,16516,0,848,TW
576,2021-11-23,16,16532,0,848,TW
577,2021-11-24,7,16539,0,848,TW
578,2021-11-25,5,16544,0,848,TW
579,2021-11-26,10,16554,0,848,TW
580,2021-11-27,12,16566,0,848,TW
869,2021-11-28,0,16566,0,848,TW
870,2021-11-29,0,16566,0,848,TW
581,2021-11-30,30,16596,0,848,TW
582,2021-12-01,5,16601,0,848,TW
583,2021-12-02,8,16609,0,848,TW
584,2021-12-03,17,16626,0,848,TW
585,2021-12-04,11,16637,0,848,TW
871,2021-12-05,0,16637,0,848,TW
872,2021-12-06,0,16637,0,848,TW
586,2021-12-07,25,16662,0,848,TW
587,2021-12-08,21,16683,0,848,TW
588,2021-12-09,5,16688,0,848,TW
589,2021-12-10,16,16704,0,848,TW
590,2021-12-11,17,16721,0,848,TW
873,2021-12-12,0,16721,0,848,TW
874,2021-12-13,0,16721,0,848,TW
591,2021-12-14,21,16742,0,848,TW
592,2021-12-15,10,16752,0,848,TW
593,2021-12-16,7,16759,0,848,TW
594,2021-12-17,12,16771,0,848,TW
595,2021-12-18,15,16786,0,848,TW
875,2021-12-19,0,16786,0,848,TW
876,2021-12-20,0,16786,0,848,TW
596,2021-12-21,30,16816,2,850,TW
597,2021-12-22,10,16826,0,850,TW
598,2021-12-23,14,16840,0,850,TW
599,2021-12-24,13,16853,0,850,TW
877,2021-12-25,0,16853,0,850,TW
878,2021-12-26,0,16853,0,850,TW
879,2021-12-27,0,16853,0,850,TW
600,2021-12-28,78,16931,0,850,TW
601,2021-12-29,19,16950,0,850,TW
602,2021-12-30,14,16964,0,850,TW
603,2021-12-31,24,16988,0,850,TW
604,2022-01-01,41,17029,0,850,TW
880,2022-01-02,0,17029,0,850,TW
881,2022-01-03,0,17029,0,850,TW
605,2022-01-04,66,17095,0,850,TW
606,2022-01-05,34,17129,0,850,TW
607,2022-01-06,26,17155,0,850,TW
608,2022-01-07,43,17198,0,850,TW
609,2022-01-08,60,17258,0,850,TW
882,2022-01-09,0,17258,0,850,TW
883,2022-01-10,0,17258,0,850,TW
610,2022-01-11,136,17394,0,850,TW
611,2022-01-12,69,17463,0,850,TW
612,2022-01-13,96,17559,0,850,TW
613,2022-01-14,65,17624,1,851,TW
614,2022-01-15,68,17692,0,851,TW
884,2022-01-16,0,17692,0,851,TW
885,2022-01-17,0,17692,0,851,TW
615,2022-01-18,193,17885,0,851,TW
616,2022-01-19,66,17951,0,851,TW
617,2022-01-20,54,18005,0,851,TW
618,2022-01-21,36,18041,0,851,TW
619,2022-01-22,68,18109,0,851,TW
886,2022-01-23,0,18109,0,851,TW
887,2022-01-24,0,18109,0,851,TW
620,2022-01-25,267,18376,0,851,TW
621,2022-01-26,35,18411,0,851,TW
622,2022-01-27,92,18503,0,851,TW
623,2022-01-28,63,18566,0,851,TW
624,2022-01-29,68,18634,0,851,TW
888,2022-01-30,0,18634,0,851,TW
889,2022-01-31,0,18634,0,851,TW
625,2022-02-01,156,18790,0,851,TW
626,2022-02-02,60,18850,0,851,TW
627,2022-02-03,53,18903,0,851,TW
628,2022-02-04,55,18958,0,851,TW
629,2022-02-05,71,19029,0,851,TW
890,2022-02-06,0,19029,0,851,TW
891,2022-02-07,0,19029,0,851,TW
630,2022-02-08,163,19192,0,851,TW
631,2022-02-09,47,19239,0,851,TW
632,2022-02-10,54,19293,0,851,TW
892,2022-02-11,0,19293,0,851,TW
633,2022-02-12,162,19455,0,851,TW
893,2022-02-13,0,19455,0,851,TW
894,2022-02-14,0,19455,0,851,TW
634,2022-02-15,166,19621,0,851,TW
635,2022-02-16,45,19666,1,852,TW
636,2022-02-17,66,19732,0,852,TW
637,2022-02-18,65,19797,0,852,TW
895,2022-02-19,0,19797,0,852,TW
896,2022-02-20,0,19797,0,852,TW
638,2022-02-21,210,20007,0,852,TW
639,2022-02-22,49,20056,0,852,TW
640,2022-02-23,44,20100,0,852,TW
641,2022-02-24,56,20156,0,852,TW
642,2022-02-25,80,20236,0,852,TW
897,2022-02-26,0,20236,0,852,TW
898,2022-02-27,0,20236,0,852,TW
643,2022-02-28,197,20433,1,853,TW
644,2022-03-01,56,20489,0,853,TW
645,2022-03-02,44,20533,0,853,TW
646,2022-03-03,49,20582,0,853,TW
647,2022-03-04,71,20653,0,853,TW
899,2022-03-05,0,20653,0,853,TW
900,2022-03-06,0,20653,0,853,TW
648,2022-03-07,187,20840,0,853,TW
649,2022-03-08,29,20869,0,853,TW
651,2022-03-09,0,20922,0,853,TW
652,2022-03-10,77,20999,0,853,TW
653,2022-03-11,82,21081,0,853,TW
901,2022-03-12,0,21081,0,853,TW
902,2022-03-13,0,21081,0,853,TW
654,2022-03-14,207,21288,0,853,TW
655,2022-03-15,75,21363,0,853,TW
656,2022-03-16,39,21402,0,853,TW
657,2022-03-17,90,21492,0,853,TW
658,2022-03-18,26,21518,0,853,TW
903,2022-03-19,0,21518,0,853,TW
904,2022-03-20,0,21518,0,853,TW
659,2022-03-21,387,21905,0,853,TW
660,2022-03-22,98,22003,0,853,TW
661,2022-03-23,88,22091,0,853,TW
662,2022-03-24,97,22188,0,853,TW
663,2022-03-25,139,22327,0,853,TW
905,2022-03-26,0,22327,0,853,TW
906,2022-03-27,0,22327,0,853,TW
664,2022-03-28,442,22769,0,853,TW
666,2022-03-29,0,22992,0,853,TW
907,2022-03-30,0,22992,0,853,TW
667,2022-03-31,163,23155,0,853,TW
908,2022-04-01,0,23155,0,853,TW
909,2022-04-02,0,23155,0,853,TW
910,2022-04-03,0,23155,0,853,TW
668,2022-04-04,474,23629,0,853,TW
911,2022-04-05,0,23629,0,853,TW
669,2022-04-06,1237,24866,0,853,TW
671,2022-04-07,359,25225,0,853,TW
672,2022-04-08,531,25756,0,853,TW
912,2022-04-09,0,25756,0,853,TW
913,2022-04-10,0,25756,0,853,TW
673,2022-04-11,1654,27410,1,854,TW
674,2022-04-12,630,28040,0,854,TW
675,2022-04-13,626,28666,0,854,TW
676,2022-04-14,927,29593,0,854,TW
677,2022-04-15,981,30574,0,854,TW
914,2022-04-16,0,30574,0,854,TW
915,2022-04-17,0,30574,0,854,TW
678,2022-04-18,3933,34507,0,854,TW
679,2022-04-19,1476,35983,0,854,TW
680,2022-04-20,1727,37710,2,856,TW
681,2022-04-21,2476,40186,0,856,TW
682,2022-04-22,3056,43242,0,856,TW
916,2022-04-23,0,43242,0,856,TW
917,2022-04-24,0,43242,0,856,TW
683,2022-04-25,0,43242,0,856,TW
684,2022-04-26,18444,61686,0,856,TW
685,2022-04-27,0,61686,0,856,TW
686,2022-04-28,15252,76938,2,858,TW
687,2022-04-29,11508,88446,2,860,TW
918,2022-04-30,0,88446,0,860,TW
919,2022-05-01,0,88446,0,860,TW
688,2022-05-02,44509,132955,8,868,TW
689,2022-05-03,17853,150808,3,871,TW
690,2022-05-04,23134,173942,5,876,TW
920,2022-05-05,0,173942,0,876,TW
691,2022-05-06,58460,232402,10,886,TW
921,2022-05-07,0,232402,0,886,TW
922,2022-05-08,0,232402,0,886,TW
692,2022-05-09,124869,357271,33,919,TW
695,2022-05-10,40233,397504,12,931,TW
696,2022-05-11,50819,448323,12,943,TW
697,2022-05-12,57132,505455,8,951,TW
698,2022-05-13,65415,570870,17,968,TW
923,2022-05-14,0,570870,0,968,TW
924,2022-05-15,0,570870,0,968,TW
699,2022-05-16,197673,768543,100,1068,TW
700,2022-05-17,61714,830257,29,1097,TW
701,2022-05-18,65802,896059,38,1135,TW
702,2022-05-19,85082,981141,41,1176,TW
703,2022-05-20,89420,1070561,59,1235,TW
925,2022-05-21,0,1070561,0,1235,TW
926,2022-05-22,0,1070561,0,1235,TW
704,2022-05-23,249810,1320371,161,1396,TW
705,2022-05-24,66269,1386640,40,1436,TW
706,2022-05-25,82379,1469019,42,1478,TW
707,2022-05-26,89361,1558380,76,1554,TW
708,2022-05-27,81891,1640271,104,1658,TW
927,2022-05-28,0,1640271,0,1658,TW
928,2022-05-29,0,1640271,0,1658,TW
709,2022-05-30,252001,1892272,398,2056,TW
710,2022-05-31,60083,1952355,109,2165,TW
929,2022-06-01,0,1952355,0,2165,TW
930,2022-06-02,0,1952355,0,2165,TW
711,2022-06-03,245806,2198161,356,2521,TW
931,2022-06-04,0,2198161,0,2521,TW
932,2022-06-05,0,2198161,0,2521,TW
933,2022-06-06,0,2198161,0,2521,TW
712,2022-06-07,259720,2457881,569,3090,TW
713,2022-06-08,82990,2540871,124,3214,TW
714,2022-06-09,80070,2620941,159,3373,TW
715,2022-06-10,72846,2693787,211,3584,TW
934,2022-06-11,0,2693787,0,3584,TW
935,2022-06-12,0,2693787,0,3584,TW
716,2022-06-13,198476,2892263,587,4171,TW
717,2022-06-14,45100,2937363,109,4280,TW
718,2022-06-15,66138,3003501,123,4403,TW
719,2022-06-16,68931,3072432,143,4546,TW
936,2022-06-17,0,3072432,0,4546,TW
937,2022-06-18,0,3072432,0,4546,TW
938,2022-06-19,0,3072432,0,4546,TW
720,2022-06-20,222644,3295076,675,5221,TW
721,2022-06-21,0,3295076,144,5365,TW
722,2022-06-22,91985,3387061,115,5480,TW
723,2022-06-23,52218,3439279,171,5651,TW
724,2022-06-24,48320,3487599,166,5817,TW
939,2022-06-25,0,3487599,0,5817,TW
940,2022-06-26,0,3487599,0,5817,TW
725,2022-06-27,125746,3613345,437,6254,TW
726,2022-06-28,28576,3641921,91,6345,TW
727,2022-06-29,44417,3686338,103,6448,TW
728,2022-06-30,42025,3728363,85,6533,TW
729,2022-07-01,38920,3767283,118,6651,TW
941,2022-07-02,0,3767283,0,6651,TW
942,2022-07-03,0,3767283,0,6651,TW
730,2022-07-04,103245,3870528,305,6956,TW
731,2022-07-05,23115,3893643,69,7025,TW
732,2022-07-06,35984,3929627,103,7128,TW
733,2022-07-07,34561,3964188,95,7223,TW
734,2022-07-08,31433,3995621,105,7328,TW
943,2022-07-09,0,3995621,0,7328,TW
944,2022-07-10,0,3995621,0,7328,TW
735,2022-07-11,86407,4082028,296,7624,TW
736,2022-07-12,19128,4101156,96,7720,TW
737,2022-07-13,31273,4132429,60,7780,TW
738,2022-07-14,29861,4162290,49,7829,TW
739,2022-07-15,27639,4189929,88,7917,TW
945,2022-07-16,0,4189929,0,7917,TW
946,2022-07-17,0,4189929,0,7917,TW
740,2022-07-18,74859,4264788,259,8176,TW
741,2022-07-19,17989,4282777,48,8224,TW
742,2022-07-20,27127,4309904,37,8261,TW
743,2022-07-21,27172,4337076,57,8318,TW
744,2022-07-22,25151,4362227,74,8392,TW
947,2022-07-23,0,4362227,0,8392,TW
948,2022-07-24,0,4362227,0,8392,TW
745,2022-07-25,68356,4430583,204,8596,TW
746,2022-07-26,17124,4447707,53,8649,TW
747,2022-07-27,25048,4472755,37,8686,TW
748,2022-07-28,25661,4498416,28,8714,TW
749,2022-07-29,23949,4522365,62,8776,TW
949,2022-07-30,0,4522365,0,8776,TW
950,2022-07-31,0,4522365,0,8776,TW
750,2022-08-01,65820,4588185,151,8927,TW
751,2022-08-02,16576,4604761,36,8963,TW
752,2022-08-03,23533,4628294,31,8994,TW
753,2022-08-04,23892,4652186,32,9026,TW
754,2022-08-05,22942,4675128,56,9082,TW
951,2022-08-06,0,4675128,0,9082,TW
952,2022-08-07,0,4675128,0,9082,TW
755,2022-08-08,63733,4738861,147,9229,TW
757,2022-08-09,0,4777903,0,9273,TW
953,2022-08-10,0,4777903,0,9273,TW
759,2022-08-11,0,4801676,0,9298,TW
954,2022-08-12,0,4801676,0,9298,TW
760,2020-01-20,0,0,0,0,HK
761,2020-01-21,0,0,0,0,HK
762,2020-01-22,0,0,0,0,HK
763,2020-01-23,0,0,0,0,HK
764,2020-01-24,0,0,0,0,HK
765,2020-01-25,0,0,0,0,HK
766,2020-01-26,0,0,0,0,HK
767,2020-01-27,0,0,0,0,HK
768,2020-01-28,0,0,0,0,HK
769,2020-01-29,0,0,0,0,HK
770,2020-01-30,0,0,0,0,HK
771,2020-01-31,0,0,0,0,HK
772,2020-02-01,0,0,0,0,HK
773,2020-02-02,0,0,0,0,HK
774,2020-02-03,0,0,0,0,HK
775,2020-02-04,0,0,0,0,HK
776,2020-02-05,0,0,0,0,HK
777,2020-02-06,0,0,0,0,HK
778,2020-02-07,0,0,0,0,HK
779,2020-02-08,0,0,0,0,HK
780,2020-02-09,0,0,0,0,HK
781,2020-02-10,0,0,0,0,HK
782,2020-02-11,0,0,0,0,HK
783,2020-02-12,0,0,0,0,HK
784,2020-02-13,0,0,0,0,HK
785,2020-02-14,0,0,0,0,HK
786,2020-02-15,0,0,0,0,HK
787,2020-02-16,0,0,0,0,HK
788,2020-02-17,0,0,0,0,HK
789,2020-02-18,0,0,0,0,HK
790,2020-02-19,0,0,0,0,HK
791,2020-02-20,0,0,0,0,HK
792,2020-02-21,0,0,0,0,HK
793,2020-02-22,0,0,0,0,HK
794,2020-02-23,0,0,0,0,HK
795,2020-02-24,0,0,0,0,HK
796,2020-02-25,0,0,0,0,HK
797,2020-02-26,0,0,0,0,HK
798,2020-02-27,0,0,0,0,HK
799,2020-02-28,0,0,0,0,HK
800,2020-02-29,0,0,0,0,HK
801,2020-03-01,0,0,0,0,HK
802,2020-03-02,0,0,0,0,HK
803,2020-03-03,0,0,0,0,HK
804,2020-03-04,0,0,0,0,HK
805,2020-03-05,0,0,0,0,HK
806,2020-03-06,0,0,0,0,HK
807,2020-03-07,0,0,0,0,HK
808,2020-03-08,0,0,0,0,HK
809,2020-03-09,0,0,0,0,HK
810,2020-03-10,0,0,0,0,HK
811,2020-03-11,0,0,0,0,HK
812,2020-03-12,0,0,0,0,HK
813,2020-03-13,0,0,0,0,HK
814,2020-03-14,0,0,0,0,HK
815,2020-03-15,0,0,0,0,HK
0,2020-03-16,149,149,4,4,HK
1,2020-03-17,8,157,0,4,HK
2,2020-03-18,11,168,0,4,HK
3,2020-03-19,24,192,0,4,HK
4,2020-03-20,17,209,0,4,HK
5,2020-03-21,47,256,0,4,HK
6,2020-03-22,18,274,0,4,HK
7,2020-03-23,43,317,0,4,HK
8,2020-03-24,39,356,0,4,HK
9,2020-03-25,30,386,0,4,HK
10,2020-03-26,24,410,0,4,HK
11,2020-03-27,43,453,0,4,HK
12,2020-03-28,65,518,0,4,HK
13,2020-03-29,64,582,0,4,HK
14,2020-03-30,59,641,0,4,HK
15,2020-03-31,41,682,0,4,HK
16,2020-04-01,32,714,0,4,HK
17,2020-04-02,52,766,0,4,HK
18,2020-04-03,36,802,0,4,HK
19,2020-04-04,43,845,0,4,HK
20,2020-04-05,17,862,0,4,HK
21,2020-04-06,28,890,0,4,HK
22,2020-04-07,24,914,0,4,HK
23,2020-04-08,21,935,0,4,HK
24,2020-04-09,25,960,0,4,HK
25,2020-04-10,13,973,0,4,HK
26,2020-04-11,17,990,0,4,HK
27,2020-04-12,10,1000,0,4,HK
28,2020-04-13,4,1004,0,4,HK
29,2020-04-14,5,1009,0,4,HK
30,2020-04-15,3,1012,0,4,HK
31,2020-04-16,4,1016,0,4,HK
32,2020-04-17,1,1017,0,4,HK
33,2020-04-18,4,1021,0,4,HK
34,2020-04-19,2,1023,0,4,HK
35,2020-04-20,2,1025,0,4,HK
36,2020-04-21,0,1025,0,4,HK
37,2020-04-22,4,1029,0,4,HK
38,2020-04-23,4,1033,0,4,HK
39,2020-04-24,2,1035,0,4,HK
40,2020-04-25,0,1035,0,4,HK
41,2020-04-26,2,1037,0,4,HK
42,2020-04-27,0,1037,0,4,HK
43,2020-04-28,0,1037,0,4,HK
44,2020-04-29,0,1037,0,4,HK
45,2020-04-30,0,1037,0,4,HK
46,2020-05-01,0,1037,0,4,HK
47,2020-05-02,2,1039,0,4,HK
48,2020-05-03,0,1039,0,4,HK
49,2020-05-04,0,1039,0,4,HK
50,2020-05-05,1,1040,0,4,HK
51,2020-05-06,0,1040,0,4,HK
52,2020-05-07,0,1040,0,4,HK
53,2020-05-08,4,1044,0,4,HK
54,2020-05-09,0,1044,0,4,HK
55,2020-05-10,0,1044,0,4,HK
56,2020-05-11,3,1047,0,4,HK
57,2020-05-12,0,1047,0,4,HK
58,2020-05-13,0,1047,0,4,HK
59,2020-05-14,3,1050,0,4,HK
60,2020-05-15,0,1050,0,4,HK
61,2020-05-16,2,1052,0,4,HK
62,2020-05-17,0,1052,0,4,HK
63,2020-05-18,3,1055,0,4,HK
64,2020-05-19,0,1055,0,4,HK
65,2020-05-20,0,1055,0,4,HK
66,2020-05-21,0,1055,0,4,HK
67,2020-05-22,8,1063,0,4,HK
68,2020-05-23,2,1065,0,4,HK
69,2020-05-24,0,1065,0,4,HK
70,2020-05-25,0,1065,0,4,HK
71,2020-05-26,0,1065,0,4,HK
72,2020-05-27,0,1065,0,4,HK
73,2020-05-28,1,1066,0,4,HK
74,2020-05-29,0,1066,0,4,HK
75,2020-05-30,13,1079,0,4,HK
76,2020-05-31,3,1082,0,4,HK
77,2020-06-01,2,1084,0,4,HK
78,2020-06-02,3,1087,0,4,HK
79,2020-06-03,6,1093,0,4,HK
80,2020-06-04,0,1093,0,4,HK
81,2020-06-05,6,1099,0,4,HK
82,2020-06-06,3,1102,0,4,HK
83,2020-06-07,3,1105,0,4,HK
84,2020-06-08,1,1106,0,4,HK
85,2020-06-09,1,1107,0,4,HK
86,2020-06-10,0,1107,0,4,HK
87,2020-06-11,0,1107,0,4,HK
88,2020-06-12,0,1107,0,4,HK
89,2020-06-13,1,1108,0,4,HK
90,2020-06-14,1,1109,0,4,HK
91,2020-06-15,0,1109,0,4,HK
92,2020-06-16,3,1112,0,4,HK
93,2020-06-17,0,1112,0,4,HK
94,2020-06-18,8,1120,0,4,HK
95,2020-06-19,4,1124,0,4,HK
96,2020-06-20,3,1127,0,4,HK
97,2020-06-21,1,1128,0,4,HK
98,2020-06-22,3,1131,1,5,HK
99,2020-06-23,30,1161,0,5,HK
100,2020-06-24,16,1177,0,5,HK
101,2020-06-25,2,1179,1,6,HK
102,2020-06-26,14,1193,1,7,HK
103,2020-06-27,3,1196,0,7,HK
104,2020-06-28,1,1197,0,7,HK
105,2020-06-29,2,1199,0,7,HK
106,2020-06-30,4,1203,0,7,HK
107,2020-07-01,2,1205,0,7,HK
108,2020-07-02,28,1233,0,7,HK
109,2020-07-03,9,1242,0,7,HK
110,2020-07-04,5,1247,0,7,HK
111,2020-07-05,11,1258,0,7,HK
112,2020-07-06,10,1268,0,7,HK
113,2020-07-07,17,1285,0,7,HK
114,2020-07-08,14,1299,0,7,HK
115,2020-07-09,24,1323,0,7,HK
116,2020-07-10,42,1365,0,7,HK
117,2020-07-11,38,1403,0,7,HK
118,2020-07-12,28,1431,0,7,HK
119,2020-07-13,38,1469,0,7,HK
120,2020-07-14,52,1521,0,7,HK
121,2020-07-15,48,1569,1,8,HK
122,2020-07-16,19,1588,2,10,HK
123,2020-07-17,67,1655,0,10,HK
124,2020-07-18,58,1713,1,11,HK
125,2020-07-19,64,1777,1,12,HK
126,2020-07-20,108,1885,0,12,HK
127,2020-07-21,73,1958,0,12,HK
128,2020-07-22,60,2018,2,14,HK
129,2020-07-23,113,2131,0,14,HK
130,2020-07-24,118,2249,1,15,HK
131,2020-07-25,123,2372,1,16,HK
132,2020-07-26,133,2505,2,18,HK
133,2020-07-27,128,2633,0,18,HK
134,2020-07-28,145,2778,4,22,HK
135,2020-07-29,106,2884,1,23,HK
136,2020-07-30,118,3002,1,24,HK
137,2020-07-31,270,3272,1,25,HK
138,2020-08-01,0,3272,2,27,HK
139,2020-08-02,124,3396,4,31,HK
140,2020-08-03,115,3511,4,35,HK
141,2020-08-04,78,3589,3,38,HK
142,2020-08-05,80,3669,4,42,HK
143,2020-08-06,85,3754,1,43,HK
144,2020-08-07,95,3849,3,46,HK
145,2020-08-08,89,3938,1,47,HK
146,2020-08-09,69,4007,0,47,HK
147,2020-08-10,73,4080,5,52,HK
148,2020-08-11,68,4148,3,55,HK
149,2020-08-12,33,4181,4,59,HK
150,2020-08-13,62,4243,4,63,HK
151,2020-08-14,69,4312,3,66,HK
152,2020-08-15,48,4360,1,67,HK
153,2020-08-16,46,4406,2,69,HK
154,2020-08-17,74,4480,0,69,HK
155,2020-08-18,44,4524,0,69,HK
156,2020-08-19,36,4560,2,71,HK
157,2020-08-20,26,4586,1,72,HK
158,2020-08-21,18,4604,3,75,HK
159,2020-08-22,27,4631,0,75,HK
160,2020-08-23,26,4657,2,77,HK
161,2020-08-24,25,4682,0,77,HK
162,2020-08-25,9,4691,0,77,HK
163,2020-08-26,19,4710,1,78,HK
164,2020-08-27,24,4734,1,79,HK
165,2020-08-28,21,4755,2,81,HK
166,2020-08-29,13,4768,3,84,HK
816,2020-08-30,0,4768,0,84,HK
168,2020-08-31,33,4801,4,88,HK
169,2020-09-01,9,4810,1,89,HK
170,2020-09-02,12,4822,1,90,HK
171,2020-09-03,8,4830,3,93,HK
172,2020-09-04,8,4838,1,94,HK
173,2020-09-05,12,4850,0,94,HK
174,2020-09-06,7,4857,0,94,HK
175,2020-09-07,21,4878,2,96,HK
176,2020-09-08,11,4889,2,98,HK
177,2020-09-09,6,4895,1,99,HK
178,2020-09-10,6,4901,0,99,HK
179,2020-09-11,12,4913,0,99,HK
180,2020-09-12,12,4925,0,99,HK
181,2020-09-13,13,4938,1,100,HK
182,2020-09-14,0,4938,0,100,HK
183,2020-09-15,33,4971,1,101,HK
184,2020-09-16,4,4975,1,102,HK
185,2020-09-17,9,4984,0,102,HK
186,2020-09-18,9,4993,0,102,HK
187,2020-09-19,3,4996,1,103,HK
188,2020-09-20,13,5009,0,103,HK
189,2020-09-21,23,5032,0,103,HK
190,2020-09-22,6,5038,0,103,HK
191,2020-09-23,8,5046,0,103,HK
192,2020-09-24,3,5049,1,104,HK
193,2020-09-25,7,5056,0,104,HK
194,2020-09-26,2,5058,1,105,HK
195,2020-09-27,1,5059,0,105,HK
196,2020-09-28,6,5065,0,105,HK
197,2020-09-29,10,5075,0,105,HK
198,2020-09-30,4,5079,0,105,HK
199,2020-10-01,8,5087,0,105,HK
200,2020-10-02,10,5097,0,105,HK
201,2020-10-03,7,5104,0,105,HK
202,2020-10-04,4,5108,0,105,HK
203,2020-10-05,5,5113,0,105,HK
204,2020-10-06,11,5124,0,105,HK
205,2020-10-07,8,5132,0,105,HK
206,2020-10-08,11,5143,0,105,HK
207,2020-10-09,18,5161,0,105,HK
208,2020-10-10,8,5169,0,105,HK
209,2020-10-11,6,5175,0,105,HK
210,2020-10-12,7,5182,0,105,HK
211,2020-10-13,11,5193,0,105,HK
212,2020-10-14,8,5201,0,105,HK
213,2020-10-15,0,5201,0,105,HK
214,2020-10-16,12,5213,0,105,HK
215,2020-10-17,7,5220,0,105,HK
216,2020-10-18,17,5237,0,105,HK
217,2020-10-19,4,5241,0,105,HK
218,2020-10-20,15,5256,0,105,HK
219,2020-10-21,5,5261,0,105,HK
220,2020-10-22,8,5269,0,105,HK
221,2020-10-23,11,5280,0,105,HK
222,2020-10-24,4,5284,0,105,HK
223,2020-10-25,5,5289,0,105,HK
224,2020-10-26,6,5295,0,105,HK
225,2020-10-27,8,5303,0,105,HK
226,2020-10-28,5,5308,0,105,HK
227,2020-10-29,2,5310,0,105,HK
228,2020-10-30,3,5313,0,105,HK
229,2020-10-31,7,5320,0,105,HK
230,2020-11-01,3,5323,0,105,HK
231,2020-11-02,7,5330,0,105,HK
817,2020-11-03,0,5336,0,105,HK
233,2020-11-04,9,5345,0,105,HK
234,2020-11-05,3,5348,1,106,HK
235,2020-11-06,7,5355,0,106,HK
236,2020-11-07,6,5361,1,107,HK
237,2020-11-08,3,5364,0,107,HK
238,2020-11-09,10,5374,0,107,HK
239,2020-11-10,6,5380,0,107,HK
240,2020-11-11,9,5389,1,108,HK
241,2020-11-12,18,5407,0,108,HK
242,2020-11-13,23,5430,0,108,HK
243,2020-11-14,6,5436,0,108,HK
244,2020-11-15,8,5444,0,108,HK
245,2020-11-16,14,5458,0,108,HK
246,2020-11-17,8,5466,0,108,HK
247,2020-11-18,4,5470,0,108,HK
248,2020-11-19,0,5470,0,108,HK
249,2020-11-20,21,5491,0,108,HK
250,2020-11-21,26,5517,0,108,HK
251,2020-11-22,43,5560,0,108,HK
252,2020-11-23,68,5628,0,108,HK
253,2020-11-24,73,5701,0,108,HK
254,2020-11-25,80,5781,0,108,HK
255,2020-11-26,85,5866,0,108,HK
256,2020-11-27,81,5947,0,108,HK
257,2020-11-28,92,6039,0,108,HK
258,2020-11-29,84,6123,1,109,HK
259,2020-11-30,115,6238,0,109,HK
818,2020-12-01,0,6314,0,109,HK
261,2020-12-02,82,6396,0,109,HK
262,2020-12-03,103,6499,1,110,HK
263,2020-12-04,90,6589,1,111,HK
264,2020-12-05,112,6701,1,112,HK
265,2020-12-06,101,6802,0,112,HK
266,2020-12-07,95,6897,0,112,HK
267,2020-12-08,78,6975,0,112,HK
268,2020-12-09,100,7075,0,112,HK
269,2020-12-10,104,7179,2,114,HK
270,2020-12-11,112,7291,0,114,HK
271,2020-12-12,86,7377,0,114,HK
272,2020-12-13,69,7446,1,115,HK
273,2020-12-14,95,7541,2,117,HK
274,2020-12-15,82,7623,3,120,HK
275,2020-12-16,98,7721,3,123,HK
277,2020-12-17,82,7803,0,123,HK
278,2020-12-18,96,7899,2,125,HK
280,2020-12-19,70,7969,4,129,HK
281,2020-12-20,109,8078,0,129,HK
282,2020-12-21,74,8152,1,130,HK
283,2020-12-22,85,8237,1,131,HK
284,2020-12-23,63,8300,1,132,HK
285,2020-12-24,53,8353,1,133,HK
286,2020-12-25,71,8424,2,135,HK
287,2020-12-26,57,8481,1,136,HK
288,2020-12-27,59,8540,0,136,HK
289,2020-12-28,70,8610,1,137,HK
290,2020-12-29,61,8671,4,141,HK
291,2020-12-30,53,8724,2,143,HK
292,2020-12-31,54,8778,4,147,HK
293,2021-01-01,68,8846,1,148,HK
294,2021-01-02,43,8889,1,149,HK
295,2021-01-03,34,8923,1,150,HK
296,2021-01-04,41,8964,0,150,HK
297,2021-01-05,53,9017,3,153,HK
298,2021-01-06,32,9049,0,153,HK
299,2021-01-07,25,9074,1,154,HK
300,2021-01-08,33,9107,0,154,HK
301,2021-01-09,45,9152,1,155,HK
302,2021-01-10,59,9211,2,157,HK
303,2021-01-11,31,9242,1,158,HK
304,2021-01-12,41,9283,1,159,HK
305,2021-01-13,60,9343,1,160,HK
306,2021-01-14,42,9385,1,161,HK
307,2021-01-15,29,9414,0,161,HK
308,2021-01-16,38,9452,0,161,HK
309,2021-01-17,50,9502,1,162,HK
310,2021-01-18,55,9557,0,162,HK
311,2021-01-19,107,9664,1,163,HK
312,2021-01-20,56,9720,2,165,HK
313,2021-01-21,77,9797,1,166,HK
314,2021-01-22,71,9868,1,167,HK
315,2021-01-23,60,9928,1,168,HK
316,2021-01-24,81,10009,0,168,HK
317,2021-01-25,76,10085,1,169,HK
318,2021-01-26,73,10158,2,171,HK
319,2021-01-27,64,10222,2,173,HK
320,2021-01-28,60,10282,2,175,HK
321,2021-01-29,39,10321,2,177,HK
322,2021-01-30,50,10371,1,178,HK
323,2021-01-31,28,10399,1,179,HK
324,2021-02-01,53,10452,0,179,HK
325,2021-02-02,0,10452,0,179,HK
326,2021-02-03,59,10511,5,184,HK
327,2021-02-04,19,10530,1,185,HK
328,2021-02-05,22,10552,1,186,HK
329,2021-02-06,37,10589,0,186,HK
330,2021-02-07,19,10608,0,186,HK
331,2021-02-08,27,10635,0,186,HK
332,2021-02-09,32,10667,0,186,HK
333,2021-02-10,26,10693,2,188,HK
334,2021-02-11,17,10710,1,189,HK
335,2021-02-12,21,10731,2,191,HK
336,2021-02-13,24,10755,1,192,HK
337,2021-02-14,12,10767,1,193,HK
338,2021-02-15,12,10779,0,193,HK
339,2021-02-16,9,10788,0,193,HK
340,2021-02-17,8,10796,2,195,HK
341,2021-02-18,16,10812,2,197,HK
342,2021-02-19,8,10820,0,197,HK
343,2021-02-20,13,10833,0,197,HK
344,2021-02-21,15,10848,0,197,HK
345,2021-02-22,20,10868,0,197,HK
346,2021-02-23,16,10884,0,197,HK
347,2021-02-24,12,10896,0,197,HK
348,2021-02-25,17,10913,1,198,HK
349,2021-02-26,13,10926,0,198,HK
350,2021-02-27,24,10950,0,198,HK
351,2021-02-28,33,10983,0,198,HK
352,2021-03-01,22,11005,1,199,HK
353,2021-03-02,14,11019,1,200,HK
354,2021-03-03,13,11032,0,200,HK
355,2021-03-04,14,11046,0,200,HK
356,2021-03-05,9,11055,1,201,HK
357,2021-03-06,11,11066,0,201,HK
358,2021-03-07,8,11074,1,202,HK
359,2021-03-08,16,11090,0,202,HK
360,2021-03-09,9,11099,0,202,HK
361,2021-03-10,21,11120,0,202,HK
362,2021-03-11,8,11128,1,203,HK
363,2021-03-12,22,11150,0,203,HK
364,2021-03-13,60,11210,0,203,HK
365,2021-03-14,0,11210,0,203,HK
366,2021-03-15,71,11281,0,203,HK
367,2021-03-16,30,11311,0,203,HK
368,2021-03-17,18,11329,0,203,HK
369,2021-03-18,11,11340,0,203,HK
370,2021-03-19,10,11350,0,203,HK
371,2021-03-20,13,11363,0,203,HK
372,2021-03-21,8,11371,0,203,HK
373,2021-03-22,8,11379,0,203,HK
374,2021-03-23,18,11397,0,203,HK
375,2021-03-24,12,11409,1,204,HK
376,2021-03-25,0,11409,0,204,HK
377,2021-03-26,19,11428,0,204,HK
378,2021-03-27,11,11439,1,205,HK
379,2021-03-28,6,11445,0,205,HK
380,2021-03-29,0,11445,0,205,HK
381,2021-03-30,9,11454,0,205,HK
382,2021-03-31,7,11461,0,205,HK
383,2021-04-01,0,11461,0,205,HK
384,2021-04-02,0,11461,0,205,HK
385,2021-04-03,0,11461,0,205,HK
386,2021-04-04,40,11501,0,205,HK
387,2021-04-05,7,11508,0,205,HK
388,2021-04-06,16,11524,0,205,HK
389,2021-04-07,7,11531,0,205,HK
390,2021-04-08,8,11539,0,205,HK
391,2021-04-09,10,11549,0,205,HK
392,2021-04-10,14,11563,2,207,HK
393,2021-04-11,5,11568,0,207,HK
394,2021-04-12,13,11581,0,207,HK
395,2021-04-13,13,11594,0,207,HK
396,2021-04-14,13,11607,1,208,HK
397,2021-04-15,5,11612,1,209,HK
398,2021-04-16,6,11618,0,209,HK
399,2021-04-17,17,11635,0,209,HK
400,2021-04-18,18,11653,0,209,HK
401,2021-04-19,30,11683,0,209,HK
402,2021-04-20,12,11695,0,209,HK
403,2021-04-21,8,11703,0,209,HK
404,2021-04-22,1,11704,0,209,HK
405,2021-04-23,14,11718,0,209,HK
406,2021-04-24,9,11727,0,209,HK
407,2021-04-25,3,11730,0,209,HK
408,2021-04-26,6,11736,0,209,HK
409,2021-04-27,4,11740,0,209,HK
410,2021-04-28,8,11748,0,209,HK
411,2021-04-29,7,11755,0,209,HK
412,2021-04-30,15,11770,0,209,HK
413,2021-05-01,4,11774,0,209,HK
414,2021-05-02,8,11782,1,210,HK
415,2021-05-03,2,11784,0,210,HK
416,2021-05-04,2,11786,0,210,HK
417,2021-05-05,4,11790,0,210,HK
418,2021-05-06,6,11796,0,210,HK
419,2021-05-07,2,11798,0,210,HK
420,2021-05-08,3,11801,0,210,HK
421,2021-05-09,5,11806,0,210,HK
422,2021-05-10,1,11807,0,210,HK
423,2021-05-11,4,11811,0,210,HK
424,2021-05-12,1,11812,0,210,HK
425,2021-05-13,2,11814,0,210,HK
426,2021-05-14,3,11817,0,210,HK
427,2021-05-15,1,11818,0,210,HK
428,2021-05-16,3,11821,0,210,HK
429,2021-05-17,3,11824,0,210,HK
430,2021-05-18,1,11825,0,210,HK
431,2021-05-19,1,11826,0,210,HK
432,2021-05-20,1,11827,0,210,HK
433,2021-05-21,1,11828,0,210,HK
434,2021-05-22,1,11829,0,210,HK
435,2021-05-23,1,11830,0,210,HK
436,2021-05-24,2,11832,0,210,HK
437,2021-05-25,1,11833,0,210,HK
438,2021-05-26,2,11835,0,210,HK
439,2021-05-27,1,11836,0,210,HK
440,2021-05-28,0,11836,0,210,HK
441,2021-05-29,0,11836,0,210,HK
442,2021-05-30,1,11837,0,210,HK
443,2021-05-31,0,11837,0,210,HK
444,2021-06-01,4,11841,0,210,HK
445,2021-06-02,7,11848,0,210,HK
446,2021-06-03,0,11848,0,210,HK
447,2021-06-04,1,11849,0,210,HK
448,2021-06-05,1,11850,0,210,HK
449,2021-06-06,1,11851,0,210,HK
450,2021-06-07,7,11858,0,210,HK
451,2021-06-08,7,11865,0,210,HK
452,2021-06-09,3,11868,0,210,HK
453,2021-06-10,4,11872,0,210,HK
454,2021-06-11,2,11874,0,210,HK
455,2021-06-12,0,11874,0,210,HK
456,2021-06-13,3,11877,0,210,HK
457,2021-06-14,0,11877,0,210,HK
458,2021-06-15,1,11878,0,210,HK
459,2021-06-16,2,11880,0,210,HK
460,2021-06-17,1,11881,0,210,HK
461,2021-06-18,0,11881,0,210,HK
463,2021-06-19,0,11884,0,210,HK
819,2021-06-20,0,11884,0,210,HK
820,2021-06-21,0,11884,0,210,HK
464,2021-06-22,5,11889,0,210,HK
465,2021-06-23,7,11896,0,210,HK
466,2021-06-24,2,11898,0,210,HK
467,2021-06-25,7,11905,0,210,HK
468,2021-06-26,4,11909,0,210,HK
821,2021-06-27,0,11909,0,210,HK
822,2021-06-28,0,11909,0,210,HK
469,2021-06-29,11,11920,0,210,HK
470,2021-06-30,1,11921,1,211,HK
471,2021-07-01,2,11923,0,211,HK
472,2021-07-02,4,11927,0,211,HK
473,2021-07-03,11,11938,0,211,HK
823,2021-07-04,0,11938,0,211,HK
824,2021-07-05,0,11938,0,211,HK
474,2021-07-06,5,11943,1,212,HK
475,2021-07-07,1,11944,0,212,HK
477,2021-07-08,0,11945,0,212,HK
479,2021-07-09,0,11949,0,212,HK
825,2021-07-10,0,11949,0,212,HK
826,2021-07-11,0,11949,0,212,HK
827,2021-07-12,0,11949,0,212,HK
828,2021-07-13,0,11949,0,212,HK
480,2021-07-14,3,11952,0,212,HK
481,2021-07-15,3,11955,0,212,HK
482,2021-07-16,0,11955,0,212,HK
483,2021-07-17,1,11956,0,212,HK
829,2021-07-18,0,11956,0,212,HK
830,2021-07-19,0,11956,0,212,HK
484,2021-07-20,2,11958,0,212,HK
485,2021-07-21,7,11965,0,212,HK
486,2021-07-22,5,11970,0,212,HK
487,2021-07-23,1,11971,0,212,HK
488,2021-07-24,2,11973,0,212,HK
831,2021-07-25,0,11973,0,212,HK
832,2021-07-26,0,11973,0,212,HK
489,2021-07-27,5,11978,0,212,HK
833,2021-07-28,0,11978,0,212,HK
491,2021-07-29,2,11980,0,212,HK
492,2021-07-30,2,11982,0,212,HK
493,2021-07-31,2,11984,0,212,HK
834,2021-08-01,0,11984,0,212,HK
835,2021-08-02,0,11984,0,212,HK
494,2021-08-03,6,11990,0,212,HK
495,2021-08-04,4,11994,0,212,HK
496,2021-08-05,2,11996,0,212,HK
497,2021-08-06,6,12002,0,212,HK
498,2021-08-07,2,12004,0,212,HK
836,2021-08-08,0,12004,0,212,HK
837,2021-08-09,0,12004,0,212,HK
499,2021-08-10,11,12015,0,212,HK
500,2021-08-11,4,12019,0,212,HK
501,2021-08-12,1,12020,0,212,HK
502,2021-08-13,5,12025,0,212,HK
503,2021-08-14,5,12030,0,212,HK
838,2021-08-15,0,12030,0,212,HK
839,2021-08-16,0,12030,0,212,HK
504,2021-08-17,6,12036,0,212,HK
505,2021-08-18,3,12039,0,212,HK
506,2021-08-19,3,12042,0,212,HK
507,2021-08-20,5,12047,0,212,HK
508,2021-08-21,2,12049,0,212,HK
840,2021-08-22,0,12049,0,212,HK
841,2021-08-23,0,12049,0,212,HK
509,2021-08-24,13,12062,0,212,HK
510,2021-08-25,7,12069,0,212,HK
511,2021-08-26,5,12074,0,212,HK
512,2021-08-27,3,12077,0,212,HK
513,2021-08-28,17,12094,0,212,HK
842,2021-08-29,0,12094,0,212,HK
843,2021-08-30,0,12094,0,212,HK
514,2021-08-31,16,12110,0,212,HK
515,2021-09-01,2,12112,0,212,HK
516,2021-09-02,0,12112,0,212,HK
517,2021-09-03,0,12112,0,212,HK
518,2021-09-04,1,12113,0,212,HK
844,2021-09-05,0,12113,0,212,HK
845,2021-09-06,0,12113,0,212,HK
520,2021-09-07,0,12123,0,212,HK
846,2021-09-08,0,12123,0,212,HK
521,2021-09-09,8,12131,0,212,HK
522,2021-09-10,2,12133,0,212,HK
523,2021-09-11,5,12138,0,212,HK
847,2021-09-12,0,12138,0,212,HK
848,2021-09-13,0,12138,0,212,HK
524,2021-09-14,8,12146,0,212,HK
526,2021-09-15,0,12148,0,213,HK
527,2021-09-16,1,12149,0,213,HK
528,2021-09-17,0,12149,0,213,HK
529,2021-09-18,3,12152,0,213,HK
849,2021-09-19,0,12152,0,213,HK
850,2021-09-20,0,12152,0,213,HK
530,2021-09-21,13,12165,0,213,HK
531,2021-09-22,1,12166,0,213,HK
532,2021-09-23,1,12167,0,213,HK
533,2021-09-24,2,12169,0,213,HK
534,2021-09-25,7,12176,0,213,HK
851,2021-09-26,0,12176,0,213,HK
852,2021-09-27,0,12176,0,213,HK
535,2021-09-28,20,12196,0,213,HK
536,2021-09-29,13,12209,0,213,HK
537,2021-09-30,5,12214,0,213,HK
538,2021-10-01,3,12217,0,213,HK
539,2021-10-02,4,12221,0,213,HK
853,2021-10-03,0,12221,0,213,HK
854,2021-10-04,0,12221,0,213,HK
540,2021-10-05,9,12230,0,213,HK
542,2021-10-06,7,12237,0,213,HK
543,2021-10-07,6,12243,0,213,HK
544,2021-10-08,8,12251,0,213,HK
545,2021-10-09,2,12253,0,213,HK
855,2021-10-10,0,12253,0,213,HK
856,2021-10-11,0,12253,0,213,HK
546,2021-10-12,15,12268,0,213,HK
547,2021-10-13,4,12272,0,213,HK
548,2021-10-14,3,12275,0,213,HK
549,2021-10-15,1,12276,0,213,HK
550,2021-10-16,9,12285,0,213,HK
857,2021-10-17,0,12285,0,213,HK
858,2021-10-18,0,12285,0,213,HK
551,2021-10-19,14,12299,0,213,HK
552,2021-10-20,2,12301,0,213,HK
553,2021-10-21,4,12305,0,213,HK
554,2021-10-22,6,12311,0,213,HK
555,2021-10-23,2,12313,0,213,HK
859,2021-10-24,0,12313,0,213,HK
860,2021-10-25,0,12313,0,213,HK
556,2021-10-26,14,12327,0,213,HK
557,2021-10-27,3,12330,0,213,HK
558,2021-10-28,5,12335,0,213,HK
559,2021-10-29,2,12337,0,213,HK
560,2021-10-30,5,12342,0,213,HK
861,2021-10-31,0,12342,0,213,HK
862,2021-11-01,0,12342,0,213,HK
561,2021-11-02,5,12347,0,213,HK
562,2021-11-03,2,12349,0,213,HK
563,2021-11-04,3,12352,0,213,HK
564,2021-11-05,7,12359,0,213,HK
565,2021-11-06,1,12360,0,213,HK
863,2021-11-07,0,12360,0,213,HK
864,2021-11-08,0,12360,0,213,HK
566,2021-11-09,8,12368,0,213,HK
567,2021-11-10,1,12369,0,213,HK
568,2021-11-11,5,12374,0,213,HK
569,2021-11-12,3,12377,0,213,HK
570,2021-11-13,1,12378,0,213,HK
865,2021-11-14,0,12378,0,213,HK
866,2021-11-15,0,12378,0,213,HK
571,2021-11-16,9,12387,0,213,HK
572,2021-11-17,1,12388,0,213,HK
573,2021-11-18,3,12391,0,213,HK
574,2021-11-19,4,12395,0,213,HK
575,2021-11-20,1,12396,0,213,HK
867,2021-11-21,0,12396,0,213,HK
868,2021-11-22,0,12396,0,213,HK
576,2021-11-23,8,12404,0,213,HK
577,2021-11-24,6,12410,0,213,HK
578,2021-11-25,1,12411,0,213,HK
579,2021-11-26,6,12417,0,213,HK
580,2021-11-27,4,12421,0,213,HK
869,2021-11-28,0,12421,0,213,HK
870,2021-11-29,0,12421,0,213,HK
581,2021-11-30,9,12430,0,213,HK
582,2021-12-01,6,12436,0,213,HK
583,2021-12-02,3,12439,0,213,HK
584,2021-12-03,6,12445,0,213,HK
585,2021-12-04,3,12448,0,213,HK
871,2021-12-05,0,12448,0,213,HK
872,2021-12-06,0,12448,0,213,HK
586,2021-12-07,18,12466,0,213,HK
587,2021-12-08,5,12471,0,213,HK
588,2021-12-09,0,12471,0,213,HK
589,2021-12-10,7,12478,0,213,HK
590,2021-12-11,4,12482,0,213,HK
873,2021-12-12,0,12482,0,213,HK
874,2021-12-13,0,12482,0,213,HK
591,2021-12-14,8,12490,0,213,HK
592,2021-12-15,5,12495,0,213,HK
593,2021-12-16,1,12496,0,213,HK
594,2021-12-17,10,12506,0,213,HK
595,2021-12-18,7,12513,0,213,HK
875,2021-12-19,0,12513,0,213,HK
876,2021-12-20,0,12513,0,213,HK
596,2021-12-21,20,12533,0,213,HK
597,2021-12-22,8,12541,0,213,HK
598,2021-12-23,7,12548,0,213,HK
599,2021-12-24,2,12550,0,213,HK
877,2021-12-25,0,12550,0,213,HK
878,2021-12-26,0,12550,0,213,HK
879,2021-12-27,0,12550,0,213,HK
600,2021-12-28,48,12598,0,213,HK
601,2021-12-29,6,12604,0,213,HK
602,2021-12-30,14,12618,0,213,HK
603,2021-12-31,12,12630,0,213,HK
604,2022-01-01,19,12649,0,213,HK
880,2022-01-02,0,12649,0,213,HK
881,2022-01-03,0,12649,0,213,HK
605,2022-01-04,28,12677,0,213,HK
606,2022-01-05,13,12690,0,213,HK
607,2022-01-06,18,12708,0,213,HK
608,2022-01-07,24,12732,0,213,HK
609,2022-01-08,17,12749,0,213,HK
882,2022-01-09,0,12749,0,213,HK
883,2022-01-10,0,12749,0,213,HK
610,2022-01-11,43,12792,0,213,HK
611,2022-01-12,17,12809,0,213,HK
612,2022-01-13,12,12821,0,213,HK
613,2022-01-14,31,12852,0,213,HK
614,2022-01-15,2,12854,0,213,HK
884,2022-01-16,0,12854,0,213,HK
885,2022-01-17,0,12854,0,213,HK
615,2022-01-18,13,12867,0,213,HK
616,2022-01-19,6,12873,0,213,HK
617,2022-01-20,7,12880,0,213,HK
618,2022-01-21,27,12907,0,213,HK
619,2022-01-22,11,12918,0,213,HK
886,2022-01-23,0,12918,0,213,HK
887,2022-01-24,0,12918,0,213,HK
620,2022-01-25,186,13104,0,213,HK
621,2022-01-26,77,13181,0,213,HK
622,2022-01-27,81,13262,0,213,HK
623,2022-01-28,188,13450,0,213,HK
624,2022-01-29,83,13533,0,213,HK
888,2022-01-30,0,13533,0,213,HK
889,2022-01-31,0,13533,0,213,HK
625,2022-02-01,212,13745,0,213,HK
626,2022-02-02,84,13829,0,213,HK
627,2022-02-03,83,13912,0,213,HK
628,2022-02-04,101,14013,0,213,HK
629,2022-02-05,222,14235,0,213,HK
890,2022-02-06,0,14235,0,213,HK
891,2022-02-07,0,14235,0,213,HK
630,2022-02-08,791,15026,0,213,HK
631,2022-02-09,150,15176,0,213,HK
632,2022-02-10,58,15234,2,215,HK
892,2022-02-11,0,15234,0,215,HK
633,2022-02-12,0,15234,1,216,HK
893,2022-02-13,0,15234,0,216,HK
894,2022-02-14,0,15234,0,216,HK
634,2022-02-15,577,15811,5,221,HK
635,2022-02-16,772,16583,3,224,HK
636,2022-02-17,1911,18494,3,227,HK
637,2022-02-18,1848,20342,11,238,HK
895,2022-02-19,0,20342,0,238,HK
896,2022-02-20,0,20342,0,238,HK
638,2022-02-21,2126,22468,50,288,HK
639,2022-02-22,3570,26038,12,300,HK
640,2022-02-23,2662,28700,36,336,HK
641,2022-02-24,3838,32538,49,385,HK
642,2022-02-25,2514,35052,40,425,HK
897,2022-02-26,0,35052,0,425,HK
898,2022-02-27,0,35052,0,425,HK
643,2022-02-28,33799,68851,234,659,HK
644,2022-03-01,11270,80121,85,744,HK
645,2022-03-02,18014,98135,246,990,HK
646,2022-03-03,20285,118420,178,1168,HK
647,2022-03-04,19725,138145,198,1366,HK
899,2022-03-05,0,138145,0,1366,HK
900,2022-03-06,0,138145,0,1366,HK
648,2022-03-07,68234,206379,641,2007,HK
649,2022-03-08,5735,212114,280,2287,HK
651,2022-03-09,0,226878,0,2578,HK
652,2022-03-10,11779,238657,291,2869,HK
653,2022-03-11,7478,246135,281,3150,HK
901,2022-03-12,0,246135,0,3150,HK
902,2022-03-13,0,246135,0,3150,HK
654,2022-03-14,13252,259387,843,3993,HK
655,2022-03-15,4054,263441,286,4279,HK
656,2022-03-16,3446,266887,289,4568,HK
657,2022-03-17,3246,270133,279,4847,HK
658,2022-03-18,2102,272235,289,5136,HK
903,2022-03-19,0,272235,0,5136,HK
904,2022-03-20,0,272235,0,5136,HK
659,2022-03-21,761306,1033541,514,5650,HK
660,2022-03-22,14149,1047690,246,5896,HK
661,2022-03-23,14068,1061758,223,6119,HK
662,2022-03-24,14152,1075910,245,6364,HK
663,2022-03-25,12240,1088150,205,6569,HK
905,2022-03-26,0,1088150,0,6569,HK
906,2022-03-27,0,1088150,0,6569,HK
664,2022-03-28,32320,1120470,532,7101,HK
666,2022-03-29,0,1128507,0,7252,HK
907,2022-03-30,0,1128507,0,7252,HK
667,2022-03-31,15281,1143788,319,7571,HK
908,2022-04-01,0,1143788,0,7571,HK
909,2022-04-02,0,1143788,0,7571,HK
910,2022-04-03,0,1143788,0,7571,HK
668,2022-04-04,19450,1163238,374,7945,HK
911,2022-04-05,0,1163238,0,7945,HK
669,2022-04-06,11322,1174560,317,8262,HK
671,2022-04-07,3254,1177814,87,8349,HK
672,2022-04-08,2777,1180591,111,8460,HK
912,2022-04-09,0,1180591,0,8460,HK
913,2022-04-10,0,1180591,0,8460,HK
673,2022-04-11,7671,1188262,245,8705,HK
674,2022-04-12,1921,1190183,65,8770,HK
675,2022-04-13,1407,1191590,57,8827,HK
676,2022-04-14,1433,1193023,59,8886,HK
677,2022-04-15,1272,1194295,62,8948,HK
914,2022-04-16,0,1194295,0,8948,HK
915,2022-04-17,0,1194295,0,8948,HK
678,2022-04-18,1989,1196284,121,9069,HK
679,2022-04-19,1541,1197825,70,9139,HK
680,2022-04-20,613,1198438,20,9159,HK
681,2022-04-21,600,1199038,17,9176,HK
682,2022-04-22,668,1199706,10,9186,HK
916,2022-04-23,0,1199706,0,9186,HK
917,2022-04-24,0,1199706,0,9186,HK
683,2022-04-25,2154,1201860,63,9249,HK
684,2022-04-26,0,1201860,0,9249,HK
685,2022-04-27,431,1202291,18,9267,HK
686,2022-04-28,347,1202638,7,9274,HK
687,2022-04-29,430,1203068,8,9282,HK
918,2022-04-30,0,1203068,0,9282,HK
919,2022-05-01,0,1203068,0,9282,HK
688,2022-05-02,1142,1204210,26,9308,HK
689,2022-05-03,300,1204510,5,9313,HK
690,2022-05-04,283,1204793,5,9318,HK
920,2022-05-05,0,1204793,0,9318,HK
691,2022-05-06,603,1205396,10,9328,HK
921,2022-05-07,0,1205396,0,9328,HK
922,2022-05-08,0,1205396,0,9328,HK
692,2022-05-09,923,1206319,16,9344,HK
695,2022-05-10,266,1206585,2,9346,HK
696,2022-05-11,233,1206818,1,9347,HK
697,2022-05-12,273,1207091,5,9352,HK
698,2022-05-13,280,1207371,3,9355,HK
923,2022-05-14,0,1207371,0,9355,HK
924,2022-05-15,0,1207371,0,9355,HK
699,2022-05-16,876,1208247,5,9360,HK
700,2022-05-17,259,1208506,1,9361,HK
701,2022-05-18,234,1208740,0,9361,HK
702,2022-05-19,328,1209068,0,9361,HK
703,2022-05-20,329,1209397,4,9365,HK
925,2022-05-21,0,1209397,0,9365,HK
926,2022-05-22,0,1209397,0,9365,HK
704,2022-05-23,762,1210159,5,9370,HK
705,2022-05-24,237,1210396,0,9370,HK
706,2022-05-25,190,1210586,0,9370,HK
707,2022-05-26,250,1210836,0,9370,HK
708,2022-05-27,251,1211087,2,9372,HK
927,2022-05-28,0,1211087,0,9372,HK
928,2022-05-29,0,1211087,0,9372,HK
709,2022-05-30,1008,1212095,4,9376,HK
710,2022-05-31,0,1212095,0,9376,HK
929,2022-06-01,0,1212095,0,9376,HK
930,2022-06-02,0,1212095,0,9376,HK
711,2022-06-03,1109,1213204,3,9379,HK
931,2022-06-04,0,1213204,0,9379,HK
932,2022-06-05,0,1213204,0,9379,HK
933,2022-06-06,0,1213204,0,9379,HK
712,2022-06-07,1949,1215153,7,9386,HK
713,2022-06-08,543,1215696,0,9386,HK
714,2022-06-09,239,1215935,3,9389,HK
715,2022-06-10,293,1216228,0,9389,HK
934,2022-06-11,0,1216228,0,9389,HK
935,2022-06-12,0,1216228,0,9389,HK
716,2022-06-13,2133,1218361,1,9390,HK
717,2022-06-14,814,1219175,0,9390,HK
718,2022-06-15,1586,1220761,1,9391,HK
719,2022-06-16,0,1220761,0,9391,HK
936,2022-06-17,0,1220761,0,9391,HK
937,2022-06-18,0,1220761,0,9391,HK
938,2022-06-19,0,1220761,0,9391,HK
720,2022-06-20,4647,1225408,2,9393,HK
721,2022-06-21,1276,1226684,2,9395,HK
722,2022-06-22,1327,1228011,1,9396,HK
723,2022-06-23,1198,1229209,0,9396,HK
724,2022-06-24,1447,1230656,1,9397,HK
939,2022-06-25,0,1230656,0,9397,HK
940,2022-06-26,0,1230656,0,9397,HK
725,2022-06-27,5304,1235960,1,9398,HK
726,2022-06-28,1917,1237877,0,9398,HK
727,2022-06-29,3558,1241435,1,9399,HK
728,2022-06-30,0,1241435,0,9399,HK
729,2022-07-01,2004,1243439,0,9399,HK
941,2022-07-02,0,1243439,0,9399,HK
942,2022-07-03,0,1243439,0,9399,HK
730,2022-07-04,6903,1250342,6,9405,HK
731,2022-07-05,1828,1252170,0,9405,HK
732,2022-07-06,1841,1254011,0,9405,HK
733,2022-07-07,5083,1259094,1,9406,HK
734,2022-07-08,0,1259094,0,9406,HK
943,2022-07-09,0,1259094,0,9406,HK
944,2022-07-10,0,1259094,0,9406,HK
735,2022-07-11,8968,1268062,4,9410,HK
736,2022-07-12,2992,1271054,2,9412,HK
737,2022-07-13,2863,1273917,7,9419,HK
738,2022-07-14,2769,1276686,1,9420,HK
739,2022-07-15,3154,1279840,2,9422,HK
945,2022-07-16,0,1279840,0,9422,HK
946,2022-07-17,0,1279840,0,9422,HK
740,2022-07-18,11010,1290850,11,9433,HK
741,2022-07-19,3486,1294336,4,9437,HK
742,2022-07-20,6692,1301028,7,9444,HK
743,2022-07-21,0,1301028,0,9444,HK
744,2022-07-22,3805,1304833,1,9445,HK
947,2022-07-23,0,1304833,0,9445,HK
948,2022-07-24,0,1304833,0,9445,HK
745,2022-07-25,12910,1317743,16,9461,HK
746,2022-07-26,4250,1321993,8,9469,HK
747,2022-07-27,4130,1326123,3,9472,HK
748,2022-07-28,4276,1330399,6,9478,HK
749,2022-07-29,4508,1334907,10,9488,HK
949,2022-07-30,0,1334907,0,9488,HK
950,2022-07-31,0,1334907,0,9488,HK
750,2022-08-01,14453,1349360,14,9502,HK
751,2022-08-02,4634,1353994,1,9503,HK
752,2022-08-03,4254,1358248,6,9509,HK
753,2022-08-04,4123,1362371,11,9520,HK
754,2022-08-05,4547,1366918,4,9524,HK
951,2022-08-06,0,1366918,0,9524,HK
952,2022-08-07,0,1366918,0,9524,HK
755,2022-08-08,14050,1380968,11,9535,HK
757,2022-08-09,0,1385242,0,9540,HK
953,2022-08-10,0,1385242,0,9540,HK
759,2022-08-11,0,1393327,0,9550,HK
954,2022-08-12,0,1393327,0,9550,HK
760,2020-01-20,0,0,0,0,MO
761,2020-01-21,0,0,0,0,MO
762,2020-01-22,0,0,0,0,MO
763,2020-01-23,0,0,0,0,MO
764,2020-01-24,0,0,0,0,MO
765,2020-01-25,0,0,0,0,MO
766,2020-01-26,0,0,0,0,MO
767,2020-01-27,0,0,0,0,MO
768,2020-01-28,0,0,0,0,MO
769,2020-01-29,0,0,0,0,MO
770,2020-01-30,0,0,0,0,MO
771,2020-01-31,0,0,0,0,MO
772,2020-02-01,0,0,0,0,MO
773,2020-02-02,0,0,0,0,MO
774,2020-02-03,0,0,0,0,MO
775,2020-02-04,0,0,0,0,MO
776,2020-02-05,0,0,0,0,MO
777,2020-02-06,0,0,0,0,MO
778,2020-02-07,0,0,0,0,MO
779,2020-02-08,0,0,0,0,MO
780,2020-02-09,0,0,0,0,MO
781,2020-02-10,0,0,0,0,MO
782,2020-02-11,0,0,0,0,MO
783,2020-02-12,0,0,0,0,MO
784,2020-02-13,0,0,0,0,MO
785,2020-02-14,0,0,0,0,MO
786,2020-02-15,0,0,0,0,MO
787,2020-02-16,0,0,0,0,MO
788,2020-02-17,0,0,0,0,MO
789,2020-02-18,0,0,0,0,MO
790,2020-02-19,0,0,0,0,MO
791,2020-02-20,0,0,0,0,MO
792,2020-02-21,0,0,0,0,MO
793,2020-02-22,0,0,0,0,MO
794,2020-02-23,0,0,0,0,MO
795,2020-02-24,0,0,0,0,MO
796,2020-02-25,0,0,0,0,MO
797,2020-02-26,0,0,0,0,MO
798,2020-02-27,0,0,0,0,MO
799,2020-02-28,0,0,0,0,MO
800,2020-02-29,0,0,0,0,MO
801,2020-03-01,0,0,0,0,MO
802,2020-03-02,0,0,0,0,MO
803,2020-03-03,0,0,0,0,MO
804,2020-03-04,0,0,0,0,MO
805,2020-03-05,0,0,0,0,MO
806,2020-03-06,0,0,0,0,MO
807,2020-03-07,0,0,0,0,MO
808,2020-03-08,0,0,0,0,MO
809,2020-03-09,0,0,0,0,MO
810,2020-03-10,0,0,0,0,MO
811,2020-03-11,0,0,0,0,MO
812,2020-03-12,0,0,0,0,MO
813,2020-03-13,0,0,0,0,MO
814,2020-03-14,0,0,0,0,MO
815,2020-03-15,0,0,0,0,MO
0,2020-03-16,10,10,0,0,MO
1,2020-03-17,1,11,0,0,MO
2,2020-03-18,0,11,0,0,MO
3,2020-03-19,4,15,0,0,MO
4,2020-03-20,0,15,0,0,MO
5,2020-03-21,2,17,0,0,MO
6,2020-03-22,1,18,0,0,MO
7,2020-03-23,4,22,0,0,MO
8,2020-03-24,3,25,0,0,MO
9,2020-03-25,4,29,0,0,MO
10,2020-03-26,1,30,0,0,MO
11,2020-03-27,3,33,0,0,MO
12,2020-03-28,1,34,0,0,MO
13,2020-03-29,3,37,0,0,MO
14,2020-03-30,1,38,0,0,MO
15,2020-03-31,1,39,0,0,MO
16,2020-04-01,2,41,0,0,MO
17,2020-04-02,0,41,0,0,MO
18,2020-04-03,0,41,0,0,MO
19,2020-04-04,2,43,0,0,MO
20,2020-04-05,1,44,0,0,MO
21,2020-04-06,0,44,0,0,MO
22,2020-04-07,0,44,0,0,MO
23,2020-04-08,0,44,0,0,MO
24,2020-04-09,1,45,0,0,MO
25,2020-04-10,0,45,0,0,MO
26,2020-04-11,0,45,0,0,MO
27,2020-04-12,0,45,0,0,MO
28,2020-04-13,0,45,0,0,MO
29,2020-04-14,0,45,0,0,MO
30,2020-04-15,0,45,0,0,MO
31,2020-04-16,0,45,0,0,MO
32,2020-04-17,0,45,0,0,MO
33,2020-04-18,0,45,0,0,MO
34,2020-04-19,0,45,0,0,MO
35,2020-04-20,0,45,0,0,MO
36,2020-04-21,0,45,0,0,MO
37,2020-04-22,0,45,0,0,MO
38,2020-04-23,0,45,0,0,MO
39,2020-04-24,0,45,0,0,MO
40,2020-04-25,0,45,0,0,MO
41,2020-04-26,0,45,0,0,MO
42,2020-04-27,0,45,0,0,MO
43,2020-04-28,0,45,0,0,MO
44,2020-04-29,0,45,0,0,MO
45,2020-04-30,0,45,0,0,MO
46,2020-05-01,0,45,0,0,MO
47,2020-05-02,0,45,0,0,MO
48,2020-05-03,0,45,0,0,MO
49,2020-05-04,0,45,0,0,MO
50,2020-05-05,0,45,0,0,MO
51,2020-05-06,0,45,0,0,MO
52,2020-05-07,0,45,0,0,MO
53,2020-05-08,0,45,0,0,MO
54,2020-05-09,0,45,0,0,MO
55,2020-05-10,0,45,0,0,MO
56,2020-05-11,0,45,0,0,MO
57,2020-05-12,0,45,0,0,MO
58,2020-05-13,0,45,0,0,MO
59,2020-05-14,0,45,0,0,MO
60,2020-05-15,0,45,0,0,MO
61,2020-05-16,0,45,0,0,MO
62,2020-05-17,0,45,0,0,MO
63,2020-05-18,0,45,0,0,MO
64,2020-05-19,0,45,0,0,MO
65,2020-05-20,0,45,0,0,MO
66,2020-05-21,0,45,0,0,MO
67,2020-05-22,0,45,0,0,MO
68,2020-05-23,0,45,0,0,MO
69,2020-05-24,0,45,0,0,MO
70,2020-05-25,0,45,0,0,MO
71,2020-05-26,0,45,0,0,MO
72,2020-05-27,0,45,0,0,MO
73,2020-05-28,0,45,0,0,MO
74,2020-05-29,0,45,0,0,MO
75,2020-05-30,0,45,0,0,MO
76,2020-05-31,0,45,0,0,MO
77,2020-06-01,0,45,0,0,MO
78,2020-06-02,0,45,0,0,MO
79,2020-06-03,0,45,0,0,MO
80,2020-06-04,0,45,0,0,MO
81,2020-06-05,0,45,0,0,MO
82,2020-06-06,0,45,0,0,MO
83,2020-06-07,0,45,0,0,MO
84,2020-06-08,0,45,0,0,MO
85,2020-06-09,0,45,0,0,MO
86,2020-06-10,0,45,0,0,MO
87,2020-06-11,0,45,0,0,MO
88,2020-06-12,0,45,0,0,MO
89,2020-06-13,0,45,0,0,MO
90,2020-06-14,0,45,0,0,MO
91,2020-06-15,0,45,0,0,MO
92,2020-06-16,0,45,0,0,MO
93,2020-06-17,0,45,0,0,MO
94,2020-06-18,0,45,0,0,MO
95,2020-06-19,0,45,0,0,MO
96,2020-06-20,0,45,0,0,MO
97,2020-06-21,0,45,0,0,MO
98,2020-06-22,0,45,0,0,MO
99,2020-06-23,0,45,0,0,MO
100,2020-06-24,0,45,0,0,MO
101,2020-06-25,0,45,0,0,MO
102,2020-06-26,0,45,0,0,MO
103,2020-06-27,1,46,0,0,MO
104,2020-06-28,0,46,0,0,MO
105,2020-06-29,0,46,0,0,MO
106,2020-06-30,0,46,0,0,MO
107,2020-07-01,0,46,0,0,MO
108,2020-07-02,0,46,0,0,MO
109,2020-07-03,0,46,0,0,MO
110,2020-07-04,0,46,0,0,MO
111,2020-07-05,0,46,0,0,MO
112,2020-07-06,0,46,0,0,MO
113,2020-07-07,0,46,0,0,MO
114,2020-07-08,0,46,0,0,MO
115,2020-07-09,0,46,0,0,MO
116,2020-07-10,0,46,0,0,MO
117,2020-07-11,0,46,0,0,MO
118,2020-07-12,0,46,0,0,MO
119,2020-07-13,0,46,0,0,MO
120,2020-07-14,0,46,0,0,MO
121,2020-07-15,0,46,0,0,MO
122,2020-07-16,0,46,0,0,MO
123,2020-07-17,0,46,0,0,MO
124,2020-07-18,0,46,0,0,MO
125,2020-07-19,0,46,0,0,MO
126,2020-07-20,0,46,0,0,MO
127,2020-07-21,0,46,0,0,MO
128,2020-07-22,0,46,0,0,MO
129,2020-07-23,0,46,0,0,MO
130,2020-07-24,0,46,0,0,MO
131,2020-07-25,0,46,0,0,MO
132,2020-07-26,0,46,0,0,MO
133,2020-07-27,0,46,0,0,MO
134,2020-07-28,0,46,0,0,MO
135,2020-07-29,0,46,0,0,MO
136,2020-07-30,0,46,0,0,MO
137,2020-07-31,0,46,0,0,MO
138,2020-08-01,0,46,0,0,MO
139,2020-08-02,0,46,0,0,MO
140,2020-08-03,0,46,0,0,MO
141,2020-08-04,0,46,0,0,MO
142,2020-08-05,0,46,0,0,MO
143,2020-08-06,0,46,0,0,MO
144,2020-08-07,0,46,0,0,MO
145,2020-08-08,0,46,0,0,MO
146,2020-08-09,0,46,0,0,MO
147,2020-08-10,0,46,0,0,MO
148,2020-08-11,0,46,0,0,MO
149,2020-08-12,0,46,0,0,MO
150,2020-08-13,0,46,0,0,MO
151,2020-08-14,0,46,0,0,MO
152,2020-08-15,0,46,0,0,MO
153,2020-08-16,0,46,0,0,MO
154,2020-08-17,0,46,0,0,MO
155,2020-08-18,0,46,0,0,MO
156,2020-08-19,0,46,0,0,MO
157,2020-08-20,0,46,0,0,MO
158,2020-08-21,0,46,0,0,MO
159,2020-08-22,0,46,0,0,MO
160,2020-08-23,0,46,0,0,MO
161,2020-08-24,0,46,0,0,MO
162,2020-08-25,0,46,0,0,MO
163,2020-08-26,0,46,0,0,MO
164,2020-08-27,0,46,0,0,MO
165,2020-08-28,0,46,0,0,MO
166,2020-08-29,0,46,0,0,MO
816,2020-08-30,0,46,0,0,MO
168,2020-08-31,0,46,0,0,MO
169,2020-09-01,0,46,0,0,MO
170,2020-09-02,0,46,0,0,MO
171,2020-09-03,0,46,0,0,MO
172,2020-09-04,0,46,0,0,MO
173,2020-09-05,0,46,0,0,MO
174,2020-09-06,0,46,0,0,MO
175,2020-09-07,0,46,0,0,MO
176,2020-09-08,0,46,0,0,MO
177,2020-09-09,0,46,0,0,MO
178,2020-09-10,0,46,0,0,MO
179,2020-09-11,0,46,0,0,MO
180,2020-09-12,0,46,0,0,MO
181,2020-09-13,0,46,0,0,MO
182,2020-09-14,0,46,0,0,MO
183,2020-09-15,0,46,0,0,MO
184,2020-09-16,0,46,0,0,MO
185,2020-09-17,0,46,0,0,MO
186,2020-09-18,0,46,0,0,MO
187,2020-09-19,0,46,0,0,MO
188,2020-09-20,0,46,0,0,MO
189,2020-09-21,0,46,0,0,MO
190,2020-09-22,0,46,0,0,MO
191,2020-09-23,0,46,0,0,MO
192,2020-09-24,0,46,0,0,MO
193,2020-09-25,0,46,0,0,MO
194,2020-09-26,0,46,0,0,MO
195,2020-09-27,0,46,0,0,MO
196,2020-09-28,0,46,0,0,MO
197,2020-09-29,0,46,0,0,MO
198,2020-09-30,0,46,0,0,MO
199,2020-10-01,0,46,0,0,MO
200,2020-10-02,0,46,0,0,MO
201,2020-10-03,0,46,0,0,MO
202,2020-10-04,0,46,0,0,MO
203,2020-10-05,0,46,0,0,MO
204,2020-10-06,0,46,0,0,MO
205,2020-10-07,0,46,0,0,MO
206,2020-10-08,0,46,0,0,MO
207,2020-10-09,0,46,0,0,MO
208,2020-10-10,0,46,0,0,MO
209,2020-10-11,0,46,0,0,MO
210,2020-10-12,0,46,0,0,MO
211,2020-10-13,0,46,0,0,MO
212,2020-10-14,0,46,0,0,MO
213,2020-10-15,0,46,0,0,MO
214,2020-10-16,0,46,0,0,MO
215,2020-10-17,0,46,0,0,MO
216,2020-10-18,0,46,0,0,MO
217,2020-10-19,0,46,0,0,MO
218,2020-10-20,0,46,0,0,MO
219,2020-10-21,0,46,0,0,MO
220,2020-10-22,0,46,0,0,MO
221,2020-10-23,0,46,0,0,MO
222,2020-10-24,0,46,0,0,MO
223,2020-10-25,0,46,0,0,MO
224,2020-10-26,0,46,0,0,MO
225,2020-10-27,0,46,0,0,MO
226,2020-10-28,0,46,0,0,MO
227,2020-10-29,0,46,0,0,MO
228,2020-10-30,0,46,0,0,MO
229,2020-10-31,0,46,0,0,MO
230,2020-11-01,0,46,0,0,MO
231,2020-11-02,0,46,0,0,MO
817,2020-11-03,0,46,0,0,MO
233,2020-11-04,0,46,0,0,MO
234,2020-11-05,0,46,0,0,MO
235,2020-11-06,0,46,0,0,MO
236,2020-11-07,0,46,0,0,MO
237,2020-11-08,0,46,0,0,MO
238,2020-11-09,0,46,0,0,MO
239,2020-11-10,0,46,0,0,MO
240,2020-11-11,0,46,0,0,MO
241,2020-11-12,0,46,0,0,MO
242,2020-11-13,0,46,0,0,MO
243,2020-11-14,0,46,0,0,MO
244,2020-11-15,0,46,0,0,MO
245,2020-11-16,0,46,0,0,MO
246,2020-11-17,0,46,0,0,MO
247,2020-11-18,0,46,0,0,MO
248,2020-11-19,0,46,0,0,MO
249,2020-11-20,0,46,0,0,MO
250,2020-11-21,0,46,0,0,MO
251,2020-11-22,0,46,0,0,MO
252,2020-11-23,0,46,0,0,MO
253,2020-11-24,0,46,0,0,MO
254,2020-11-25,0,46,0,0,MO
255,2020-11-26,0,46,0,0,MO
256,2020-11-27,0,46,0,0,MO
257,2020-11-28,0,46,0,0,MO
258,2020-11-29,0,46,0,0,MO
259,2020-11-30,0,46,0,0,MO
818,2020-12-01,0,46,0,0,MO
261,2020-12-02,0,46,0,0,MO
262,2020-12-03,0,46,0,0,MO
263,2020-12-04,0,46,0,0,MO
264,2020-12-05,0,46,0,0,MO
265,2020-12-06,0,46,0,0,MO
266,2020-12-07,0,46,0,0,MO
267,2020-12-08,0,46,0,0,MO
268,2020-12-09,0,46,0,0,MO
269,2020-12-10,0,46,0,0,MO
270,2020-12-11,0,46,0,0,MO
271,2020-12-12,0,46,0,0,MO
272,2020-12-13,0,46,0,0,MO
273,2020-12-14,0,46,0,0,MO
274,2020-12-15,0,46,0,0,MO
275,2020-12-16,0,46,0,0,MO
277,2020-12-17,0,46,0,0,MO
278,2020-12-18,0,46,0,0,MO
280,2020-12-19,0,46,0,0,MO
281,2020-12-20,0,46,0,0,MO
282,2020-12-21,0,46,0,0,MO
283,2020-12-22,0,46,0,0,MO
284,2020-12-23,0,46,0,0,MO
285,2020-12-24,0,46,0,0,MO
286,2020-12-25,0,46,0,0,MO
287,2020-12-26,0,46,0,0,MO
288,2020-12-27,0,46,0,0,MO
289,2020-12-28,0,46,0,0,MO
290,2020-12-29,0,46,0,0,MO
291,2020-12-30,0,46,0,0,MO
292,2020-12-31,0,46,0,0,MO
293,2021-01-01,0,46,0,0,MO
294,2021-01-02,0,46,0,0,MO
295,2021-01-03,0,46,0,0,MO
296,2021-01-04,0,46,0,0,MO
297,2021-01-05,0,46,0,0,MO
298,2021-01-06,0,46,0,0,MO
299,2021-01-07,0,46,0,0,MO
300,2021-01-08,0,46,0,0,MO
301,2021-01-09,0,46,0,0,MO
302,2021-01-10,0,46,0,0,MO
303,2021-01-11,0,46,0,0,MO
304,2021-01-12,0,46,0,0,MO
305,2021-01-13,0,46,0,0,MO
306,2021-01-14,0,46,0,0,MO
307,2021-01-15,0,46,0,0,MO
308,2021-01-16,0,46,0,0,MO
309,2021-01-17,0,46,0,0,MO
310,2021-01-18,0,46,0,0,MO
311,2021-01-19,0,46,0,0,MO
312,2021-01-20,0,46,0,0,MO
313,2021-01-21,0,46,0,0,MO
314,2021-01-22,0,46,0,0,MO
315,2021-01-23,1,47,0,0,MO
316,2021-01-24,0,47,0,0,MO
317,2021-01-25,0,47,0,0,MO
318,2021-01-26,0,47,0,0,MO
319,2021-01-27,0,47,0,0,MO
320,2021-01-28,0,47,0,0,MO
321,2021-01-29,0,47,0,0,MO
322,2021-01-30,0,47,0,0,MO
323,2021-01-31,0,47,0,0,MO
324,2021-02-01,0,47,0,0,MO
325,2021-02-02,0,47,0,0,MO
326,2021-02-03,0,47,0,0,MO
327,2021-02-04,0,47,0,0,MO
328,2021-02-05,0,47,0,0,MO
329,2021-02-06,1,48,0,0,MO
330,2021-02-07,0,48,0,0,MO
331,2021-02-08,0,48,0,0,MO
332,2021-02-09,0,48,0,0,MO
333,2021-02-10,0,48,0,0,MO
334,2021-02-11,0,48,0,0,MO
335,2021-02-12,0,48,0,0,MO
336,2021-02-13,0,48,0,0,MO
337,2021-02-14,0,48,0,0,MO
338,2021-02-15,0,48,0,0,MO
339,2021-02-16,0,48,0,0,MO
340,2021-02-17,0,48,0,0,MO
341,2021-02-18,0,48,0,0,MO
342,2021-02-19,0,48,0,0,MO
343,2021-02-20,0,48,0,0,MO
344,2021-02-21,0,48,0,0,MO
345,2021-02-22,0,48,0,0,MO
346,2021-02-23,0,48,0,0,MO
347,2021-02-24,0,48,0,0,MO
348,2021-02-25,0,48,0,0,MO
349,2021-02-26,0,48,0,0,MO
350,2021-02-27,0,48,0,0,MO
351,2021-02-28,0,48,0,0,MO
352,2021-03-01,0,48,0,0,MO
353,2021-03-02,0,48,0,0,MO
354,2021-03-03,0,48,0,0,MO
355,2021-03-04,0,48,0,0,MO
356,2021-03-05,0,48,0,0,MO
357,2021-03-06,0,48,0,0,MO
358,2021-03-07,0,48,0,0,MO
359,2021-03-08,0,48,0,0,MO
360,2021-03-09,0,48,0,0,MO
361,2021-03-10,0,48,0,0,MO
362,2021-03-11,0,48,0,0,MO
363,2021-03-12,0,48,0,0,MO
364,2021-03-13,0,48,0,0,MO
365,2021-03-14,0,48,0,0,MO
366,2021-03-15,0,48,0,0,MO
367,2021-03-16,0,48,0,0,MO
368,2021-03-17,0,48,0,0,MO
369,2021-03-18,0,48,0,0,MO
370,2021-03-19,0,48,0,0,MO
371,2021-03-20,0,48,0,0,MO
372,2021-03-21,0,48,0,0,MO
373,2021-03-22,0,48,0,0,MO
374,2021-03-23,0,48,0,0,MO
375,2021-03-24,0,48,0,0,MO
376,2021-03-25,0,48,0,0,MO
377,2021-03-26,0,48,0,0,MO
378,2021-03-27,0,48,0,0,MO
379,2021-03-28,0,48,0,0,MO
380,2021-03-29,0,48,0,0,MO
381,2021-03-30,0,48,0,0,MO
382,2021-03-31,0,48,0,0,MO
383,2021-04-01,0,48,0,0,MO
384,2021-04-02,0,48,0,0,MO
385,2021-04-03,0,48,0,0,MO
386,2021-04-04,0,48,0,0,MO
387,2021-04-05,0,48,0,0,MO
388,2021-04-06,0,48,0,0,MO
389,2021-04-07,0,48,0,0,MO
390,2021-04-08,1,49,0,0,MO
391,2021-04-09,0,49,0,0,MO
392,2021-04-10,0,49,0,0,MO
393,2021-04-11,0,49,0,0,MO
394,2021-04-12,0,49,0,0,MO
395,2021-04-13,0,49,0,0,MO
396,2021-04-14,0,49,0,0,MO
397,2021-04-15,0,49,0,0,MO
398,2021-04-16,0,49,0,0,MO
399,2021-04-17,0,49,0,0,MO
400,2021-04-18,0,49,0,0,MO
401,2021-04-19,0,49,0,0,MO
402,2021-04-20,0,49,0,0,MO
403,2021-04-21,0,49,0,0,MO
404,2021-04-22,0,49,0,0,MO
405,2021-04-23,0,49,0,0,MO
406,2021-04-24,0,49,0,0,MO
407,2021-04-25,0,49,0,0,MO
408,2021-04-26,0,49,0,0,MO
409,2021-04-27,0,49,0,0,MO
410,2021-04-28,0,49,0,0,MO
411,2021-04-29,0,49,0,0,MO
412,2021-04-30,0,49,0,0,MO
413,2021-05-01,0,49,0,0,MO
414,2021-05-02,0,49,0,0,MO
415,2021-05-03,0,49,0,0,MO
416,2021-05-04,0,49,0,0,MO
417,2021-05-05,0,49,0,0,MO
418,2021-05-06,0,49,0,0,MO
419,2021-05-07,0,49,0,0,MO
420,2021-05-08,0,49,0,0,MO
421,2021-05-09,0,49,0,0,MO
422,2021-05-10,0,49,0,0,MO
423,2021-05-11,0,49,0,0,MO
424,2021-05-12,0,49,0,0,MO
425,2021-05-13,0,49,0,0,MO
426,2021-05-14,0,49,0,0,MO
427,2021-05-15,0,49,0,0,MO
428,2021-05-16,0,49,0,0,MO
429,2021-05-17,1,50,0,0,MO
430,2021-05-18,0,50,0,0,MO
431,2021-05-19,0,50,0,0,MO
432,2021-05-20,0,50,0,0,MO
433,2021-05-21,0,50,0,0,MO
434,2021-05-22,0,50,0,0,MO
435,2021-05-23,0,50,0,0,MO
436,2021-05-24,0,50,0,0,MO
437,2021-05-25,1,51,0,0,MO
438,2021-05-26,0,51,0,0,MO
439,2021-05-27,0,51,0,0,MO
440,2021-05-28,0,51,0,0,MO
441,2021-05-29,0,51,0,0,MO
442,2021-05-30,0,51,0,0,MO
443,2021-05-31,0,51,0,0,MO
444,2021-06-01,0,51,0,0,MO
445,2021-06-02,0,51,0,0,MO
446,2021-06-03,0,51,0,0,MO
447,2021-06-04,0,51,0,0,MO
448,2021-06-05,0,51,0,0,MO
449,2021-06-06,0,51,0,0,MO
450,2021-06-07,0,51,0,0,MO
451,2021-06-08,0,51,0,0,MO
452,2021-06-09,0,51,0,0,MO
453,2021-06-10,1,52,0,0,MO
454,2021-06-11,0,52,0,0,MO
455,2021-06-12,0,52,0,0,MO
456,2021-06-13,0,52,0,0,MO
457,2021-06-14,0,52,0,0,MO
458,2021-06-15,0,52,0,0,MO
459,2021-06-16,0,52,0,0,MO
460,2021-06-17,0,52,0,0,MO
461,2021-06-18,0,52,0,0,MO
463,2021-06-19,0,53,0,0,MO
819,2021-06-20,0,53,0,0,MO
820,2021-06-21,0,53,0,0,MO
464,2021-06-22,0,53,0,0,MO
465,2021-06-23,0,53,0,0,MO
466,2021-06-24,0,53,0,0,MO
467,2021-06-25,0,53,0,0,MO
468,2021-06-26,0,53,0,0,MO
821,2021-06-27,0,53,0,0,MO
822,2021-06-28,0,53,0,0,MO
469,2021-06-29,1,54,0,0,MO
470,2021-06-30,0,54,0,0,MO
471,2021-07-01,0,54,0,0,MO
472,2021-07-02,0,54,0,0,MO
473,2021-07-03,0,54,0,0,MO
823,2021-07-04,0,54,0,0,MO
824,2021-07-05,0,54,0,0,MO
474,2021-07-06,1,55,0,0,MO
475,2021-07-07,0,55,0,0,MO
477,2021-07-08,0,55,0,0,MO
479,2021-07-09,0,55,0,0,MO
825,2021-07-10,0,55,0,0,MO
826,2021-07-11,0,55,0,0,MO
827,2021-07-12,0,55,0,0,MO
828,2021-07-13,0,55,0,0,MO
480,2021-07-14,0,55,0,0,MO
481,2021-07-15,0,55,0,0,MO
482,2021-07-16,0,55,0,0,MO
483,2021-07-17,0,55,0,0,MO
829,2021-07-18,0,55,0,0,MO
830,2021-07-19,0,55,0,0,MO
484,2021-07-20,0,55,0,0,MO
485,2021-07-21,0,55,0,0,MO
486,2021-07-22,1,56,0,0,MO
487,2021-07-23,0,56,0,0,MO
488,2021-07-24,0,56,0,0,MO
831,2021-07-25,0,56,0,0,MO
832,2021-07-26,0,56,0,0,MO
489,2021-07-27,3,59,0,0,MO
833,2021-07-28,0,59,0,0,MO
491,2021-07-29,0,59,0,0,MO
492,2021-07-30,0,59,0,0,MO
493,2021-07-31,0,59,0,0,MO
834,2021-08-01,0,59,0,0,MO
835,2021-08-02,0,59,0,0,MO
494,2021-08-03,0,59,0,0,MO
495,2021-08-04,4,63,0,0,MO
496,2021-08-05,0,63,0,0,MO
497,2021-08-06,0,63,0,0,MO
498,2021-08-07,0,63,0,0,MO
836,2021-08-08,0,63,0,0,MO
837,2021-08-09,0,63,0,0,MO
499,2021-08-10,0,63,0,0,MO
500,2021-08-11,0,63,0,0,MO
501,2021-08-12,0,63,0,0,MO
502,2021-08-13,0,63,0,0,MO
503,2021-08-14,0,63,0,0,MO
838,2021-08-15,0,63,0,0,MO
839,2021-08-16,0,63,0,0,MO
504,2021-08-17,0,63,0,0,MO
505,2021-08-18,0,63,0,0,MO
506,2021-08-19,0,63,0,0,MO
507,2021-08-20,0,63,0,0,MO
508,2021-08-21,0,63,0,0,MO
840,2021-08-22,0,63,0,0,MO
841,2021-08-23,0,63,0,0,MO
509,2021-08-24,0,63,0,0,MO
510,2021-08-25,0,63,0,0,MO
511,2021-08-26,0,63,0,0,MO
512,2021-08-27,0,63,0,0,MO
513,2021-08-28,0,63,0,0,MO
842,2021-08-29,0,63,0,0,MO
843,2021-08-30,0,63,0,0,MO
514,2021-08-31,0,63,0,0,MO
515,2021-09-01,0,63,0,0,MO
516,2021-09-02,0,63,0,0,MO
517,2021-09-03,0,63,0,0,MO
518,2021-09-04,0,63,0,0,MO
844,2021-09-05,0,63,0,0,MO
845,2021-09-06,0,63,0,0,MO
520,2021-09-07,0,63,0,0,MO
846,2021-09-08,0,63,0,0,MO
521,2021-09-09,0,63,0,0,MO
522,2021-09-10,0,63,0,0,MO
523,2021-09-11,0,63,0,0,MO
847,2021-09-12,0,63,0,0,MO
848,2021-09-13,0,63,0,0,MO
524,2021-09-14,0,63,0,0,MO
526,2021-09-15,0,63,0,0,MO
527,2021-09-16,0,63,0,0,MO
528,2021-09-17,0,63,0,0,MO
529,2021-09-18,0,63,0,0,MO
849,2021-09-19,0,63,0,0,MO
850,2021-09-20,0,63,0,0,MO
530,2021-09-21,0,63,0,0,MO
531,2021-09-22,0,63,0,0,MO
532,2021-09-23,0,63,0,0,MO
533,2021-09-24,0,63,0,0,MO
534,2021-09-25,2,65,0,0,MO
851,2021-09-26,0,65,0,0,MO
852,2021-09-27,0,65,0,0,MO
535,2021-09-28,2,67,0,0,MO
536,2021-09-29,4,71,0,0,MO
537,2021-09-30,0,71,0,0,MO
538,2021-10-01,0,71,0,0,MO
539,2021-10-02,0,71,0,0,MO
853,2021-10-03,0,71,0,0,MO
854,2021-10-04,0,71,0,0,MO
540,2021-10-05,3,74,0,0,MO
542,2021-10-06,1,75,0,0,MO
543,2021-10-07,0,75,0,0,MO
544,2021-10-08,0,75,0,0,MO
545,2021-10-09,2,77,0,0,MO
855,2021-10-10,0,77,0,0,MO
856,2021-10-11,0,77,0,0,MO
546,2021-10-12,0,77,0,0,MO
547,2021-10-13,0,77,0,0,MO
548,2021-10-14,0,77,0,0,MO
549,2021-10-15,0,77,0,0,MO
550,2021-10-16,0,77,0,0,MO
857,2021-10-17,0,77,0,0,MO
858,2021-10-18,0,77,0,0,MO
551,2021-10-19,0,77,0,0,MO
552,2021-10-20,0,77,0,0,MO
553,2021-10-21,0,77,0,0,MO
554,2021-10-22,0,77,0,0,MO
555,2021-10-23,0,77,0,0,MO
859,2021-10-24,0,77,0,0,MO
860,2021-10-25,0,77,0,0,MO
556,2021-10-26,0,77,0,0,MO
557,2021-10-27,0,77,0,0,MO
558,2021-10-28,0,77,0,0,MO
559,2021-10-29,0,77,0,0,MO
560,2021-10-30,0,77,0,0,MO
861,2021-10-31,0,77,0,0,MO
862,2021-11-01,0,77,0,0,MO
561,2021-11-02,0,77,0,0,MO
562,2021-11-03,0,77,0,0,MO
563,2021-11-04,0,77,0,0,MO
564,2021-11-05,0,77,0,0,MO
565,2021-11-06,0,77,0,0,MO
863,2021-11-07,0,77,0,0,MO
864,2021-11-08,0,77,0,0,MO
566,2021-11-09,0,77,0,0,MO
567,2021-11-10,0,77,0,0,MO
568,2021-11-11,0,77,0,0,MO
569,2021-11-12,0,77,0,0,MO
570,2021-11-13,0,77,0,0,MO
865,2021-11-14,0,77,0,0,MO
866,2021-11-15,0,77,0,0,MO
571,2021-11-16,0,77,0,0,MO
572,2021-11-17,0,77,0,0,MO
573,2021-11-18,0,77,0,0,MO
574,2021-11-19,0,77,0,0,MO
575,2021-11-20,0,77,0,0,MO
867,2021-11-21,0,77,0,0,MO
868,2021-11-22,0,77,0,0,MO
576,2021-11-23,0,77,0,0,MO
577,2021-11-24,0,77,0,0,MO
578,2021-11-25,0,77,0,0,MO
579,2021-11-26,0,77,0,0,MO
580,2021-11-27,0,77,0,0,MO
869,2021-11-28,0,77,0,0,MO
870,2021-11-29,0,77,0,0,MO
581,2021-11-30,0,77,0,0,MO
582,2021-12-01,0,77,0,0,MO
583,2021-12-02,0,77,0,0,MO
584,2021-12-03,0,77,0,0,MO
585,2021-12-04,0,77,0,0,MO
871,2021-12-05,0,77,0,0,MO
872,2021-12-06,0,77,0,0,MO
586,2021-12-07,0,77,0,0,MO
587,2021-12-08,0,77,0,0,MO
588,2021-12-09,0,77,0,0,MO
589,2021-12-10,0,77,0,0,MO
590,2021-12-11,0,77,0,0,MO
873,2021-12-12,0,77,0,0,MO
874,2021-12-13,0,77,0,0,MO
591,2021-12-14,0,77,0,0,MO
592,2021-12-15,0,77,0,0,MO
593,2021-12-16,0,77,0,0,MO
594,2021-12-17,0,77,0,0,MO
595,2021-12-18,0,77,0,0,MO
875,2021-12-19,0,77,0,0,MO
876,2021-12-20,0,77,0,0,MO
596,2021-12-21,0,77,0,0,MO
597,2021-12-22,0,77,0,0,MO
598,2021-12-23,0,77,0,0,MO
599,2021-12-24,0,77,0,0,MO
877,2021-12-25,0,77,0,0,MO
878,2021-12-26,0,77,0,0,MO
879,2021-12-27,0,77,0,0,MO
600,2021-12-28,1,78,0,0,MO
601,2021-12-29,0,78,0,0,MO
602,2021-12-30,0,78,0,0,MO
603,2021-12-31,1,79,0,0,MO
604,2022-01-01,0,79,0,0,MO
880,2022-01-02,0,79,0,0,MO
881,2022-01-03,0,79,0,0,MO
605,2022-01-04,0,79,0,0,MO
606,2022-01-05,0,79,0,0,MO
607,2022-01-06,0,79,0,0,MO
608,2022-01-07,0,79,0,0,MO
609,2022-01-08,0,79,0,0,MO
882,2022-01-09,0,79,0,0,MO
883,2022-01-10,0,79,0,0,MO
610,2022-01-11,0,79,0,0,MO
611,2022-01-12,0,79,0,0,MO
612,2022-01-13,0,79,0,0,MO
613,2022-01-14,0,79,0,0,MO
614,2022-01-15,0,79,0,0,MO
884,2022-01-16,0,79,0,0,MO
885,2022-01-17,0,79,0,0,MO
615,2022-01-18,0,79,0,0,MO
616,2022-01-19,0,79,0,0,MO
617,2022-01-20,0,79,0,0,MO
618,2022-01-21,0,79,0,0,MO
619,2022-01-22,0,79,0,0,MO
886,2022-01-23,0,79,0,0,MO
887,2022-01-24,0,79,0,0,MO
620,2022-01-25,0,79,0,0,MO
621,2022-01-26,0,79,0,0,MO
622,2022-01-27,0,79,0,0,MO
623,2022-01-28,0,79,0,0,MO
624,2022-01-29,0,79,0,0,MO
888,2022-01-30,0,79,0,0,MO
889,2022-01-31,0,79,0,0,MO
625,2022-02-01,0,79,0,0,MO
626,2022-02-02,0,79,0,0,MO
627,2022-02-03,0,79,0,0,MO
628,2022-02-04,0,79,0,0,MO
629,2022-02-05,0,79,0,0,MO
890,2022-02-06,0,79,0,0,MO
891,2022-02-07,0,79,0,0,MO
630,2022-02-08,0,79,0,0,MO
631,2022-02-09,0,79,0,0,MO
632,2022-02-10,0,79,0,0,MO
892,2022-02-11,0,79,0,0,MO
633,2022-02-12,0,79,0,0,MO
893,2022-02-13,0,79,0,0,MO
894,2022-02-14,0,79,0,0,MO
634,2022-02-15,0,79,0,0,MO
635,2022-02-16,0,79,0,0,MO
636,2022-02-17,0,79,0,0,MO
637,2022-02-18,0,79,0,0,MO
895,2022-02-19,0,79,0,0,MO
896,2022-02-20,0,79,0,0,MO
638,2022-02-21,0,79,0,0,MO
639,2022-02-22,0,79,0,0,MO
640,2022-02-23,1,80,0,0,MO
641,2022-02-24,0,80,0,0,MO
642,2022-02-25,0,80,0,0,MO
897,2022-02-26,0,80,0,0,MO
898,2022-02-27,0,80,0,0,MO
643,2022-02-28,1,81,0,0,MO
644,2022-03-01,0,81,0,0,MO
645,2022-03-02,0,81,0,0,MO
646,2022-03-03,1,82,0,0,MO
647,2022-03-04,0,82,0,0,MO
899,2022-03-05,0,82,0,0,MO
900,2022-03-06,0,82,0,0,MO
648,2022-03-07,0,82,0,0,MO
649,2022-03-08,0,82,0,0,MO
651,2022-03-09,0,82,0,0,MO
652,2022-03-10,0,82,0,0,MO
653,2022-03-11,0,82,0,0,MO
901,2022-03-12,0,82,0,0,MO
902,2022-03-13,0,82,0,0,MO
654,2022-03-14,0,82,0,0,MO
655,2022-03-15,0,82,0,0,MO
656,2022-03-16,0,82,0,0,MO
657,2022-03-17,0,82,0,0,MO
658,2022-03-18,0,82,0,0,MO
903,2022-03-19,0,82,0,0,MO
904,2022-03-20,0,82,0,0,MO
659,2022-03-21,0,82,0,0,MO
660,2022-03-22,0,82,0,0,MO
661,2022-03-23,0,82,0,0,MO
662,2022-03-24,0,82,0,0,MO
663,2022-03-25,0,82,0,0,MO
905,2022-03-26,0,82,0,0,MO
906,2022-03-27,0,82,0,0,MO
664,2022-03-28,0,82,0,0,MO
666,2022-03-29,0,82,0,0,MO
907,2022-03-30,0,82,0,0,MO
667,2022-03-31,0,82,0,0,MO
908,2022-04-01,0,82,0,0,MO
909,2022-04-02,0,82,0,0,MO
910,2022-04-03,0,82,0,0,MO
668,2022-04-04,0,82,0,0,MO
911,2022-04-05,0,82,0,0,MO
669,2022-04-06,0,82,0,0,MO
671,2022-04-07,0,82,0,0,MO
672,2022-04-08,0,82,0,0,MO
912,2022-04-09,0,82,0,0,MO
913,2022-04-10,0,82,0,0,MO
673,2022-04-11,0,82,0,0,MO
674,2022-04-12,0,82,0,0,MO
675,2022-04-13,0,82,0,0,MO
676,2022-04-14,0,82,0,0,MO
677,2022-04-15,0,82,0,0,MO
914,2022-04-16,0,82,0,0,MO
915,2022-04-17,0,82,0,0,MO
678,2022-04-18,0,82,0,0,MO
679,2022-04-19,0,82,0,0,MO
680,2022-04-20,0,82,0,0,MO
681,2022-04-21,0,82,0,0,MO
682,2022-04-22,0,82,0,0,MO
916,2022-04-23,0,82,0,0,MO
917,2022-04-24,0,82,0,0,MO
683,2022-04-25,0,82,0,0,MO
684,2022-04-26,0,82,0,0,MO
685,2022-04-27,0,82,0,0,MO
686,2022-04-28,0,82,0,0,MO
687,2022-04-29,0,82,0,0,MO
918,2022-04-30,0,82,0,0,MO
919,2022-05-01,0,82,0,0,MO
688,2022-05-02,0,82,0,0,MO
689,2022-05-03,0,82,0,0,MO
690,2022-05-04,0,82,0,0,MO
920,2022-05-05,0,82,0,0,MO
691,2022-05-06,0,82,0,0,MO
921,2022-05-07,0,82,0,0,MO
922,2022-05-08,0,82,0,0,MO
692,2022-05-09,0,82,0,0,MO
695,2022-05-10,0,82,0,0,MO
696,2022-05-11,0,82,0,0,MO
697,2022-05-12,0,82,0,0,MO
698,2022-05-13,0,82,0,0,MO
923,2022-05-14,0,82,0,0,MO
924,2022-05-15,0,82,0,0,MO
699,2022-05-16,0,82,0,0,MO
700,2022-05-17,0,82,0,0,MO
701,2022-05-18,0,82,0,0,MO
702,2022-05-19,0,82,0,0,MO
703,2022-05-20,0,82,0,0,MO
925,2022-05-21,0,82,0,0,MO
926,2022-05-22,0,82,0,0,MO
704,2022-05-23,0,82,0,0,MO
705,2022-05-24,0,82,0,0,MO
706,2022-05-25,0,82,0,0,MO
707,2022-05-26,0,82,0,0,MO
708,2022-05-27,1,83,0,0,MO
927,2022-05-28,0,83,0,0,MO
928,2022-05-29,0,83,0,0,MO
709,2022-05-30,0,83,0,0,MO
710,2022-05-31,0,83,0,0,MO
929,2022-06-01,0,83,0,0,MO
930,2022-06-02,0,83,0,0,MO
711,2022-06-03,0,83,0,0,MO
931,2022-06-04,0,83,0,0,MO
932,2022-06-05,0,83,0,0,MO
933,2022-06-06,0,83,0,0,MO
712,2022-06-07,0,83,0,0,MO
713,2022-06-08,0,83,0,0,MO
714,2022-06-09,0,83,0,0,MO
715,2022-06-10,0,83,0,0,MO
934,2022-06-11,0,83,0,0,MO
935,2022-06-12,0,83,0,0,MO
716,2022-06-13,0,83,0,0,MO
717,2022-06-14,0,83,0,0,MO
718,2022-06-15,0,83,0,0,MO
719,2022-06-16,0,83,0,0,MO
936,2022-06-17,0,83,0,0,MO
937,2022-06-18,0,83,0,0,MO
938,2022-06-19,0,83,0,0,MO
720,2022-06-20,0,83,0,0,MO
721,2022-06-21,10,93,0,0,MO
722,2022-06-22,5,98,0,0,MO
723,2022-06-23,9,107,0,0,MO
724,2022-06-24,8,115,0,0,MO
939,2022-06-25,0,115,0,0,MO
940,2022-06-26,0,115,0,0,MO
725,2022-06-27,35,150,0,0,MO
726,2022-06-28,22,172,0,0,MO
727,2022-06-29,17,189,0,0,MO
728,2022-06-30,16,205,0,0,MO
729,2022-07-01,59,264,0,0,MO
941,2022-07-02,0,264,0,0,MO
942,2022-07-03,0,264,0,0,MO
730,2022-07-04,118,382,2,2,MO
731,2022-07-05,18,400,0,2,MO
732,2022-07-06,61,461,0,2,MO
733,2022-07-07,51,512,0,2,MO
734,2022-07-08,38,550,0,2,MO
943,2022-07-09,0,550,0,2,MO
944,2022-07-10,0,550,0,2,MO
735,2022-07-11,71,621,0,2,MO
736,2022-07-12,21,642,0,2,MO
737,2022-07-13,21,663,1,3,MO
738,2022-07-14,16,679,1,4,MO
739,2022-07-15,17,696,1,5,MO
945,2022-07-16,0,696,0,5,MO
946,2022-07-17,0,696,0,5,MO
740,2022-07-18,46,742,0,5,MO
741,2022-07-19,14,756,0,5,MO
742,2022-07-20,6,762,0,5,MO
743,2022-07-21,10,772,0,5,MO
744,2022-07-22,9,781,1,6,MO
947,2022-07-23,0,781,0,6,MO
948,2022-07-24,0,781,0,6,MO
745,2022-07-25,4,785,0,6,MO
746,2022-07-26,2,787,0,6,MO
747,2022-07-27,1,788,0,6,MO
748,2022-07-28,0,788,0,6,MO
749,2022-07-29,1,789,0,6,MO
949,2022-07-30,0,789,0,6,MO
950,2022-07-31,0,789,0,6,MO
750,2022-08-01,2,791,0,6,MO
751,2022-08-02,0,791,0,6,MO
752,2022-08-03,0,791,0,6,MO
753,2022-08-04,0,791,0,6,MO
754,2022-08-05,0,791,0,6,MO
951,2022-08-06,0,791,0,6,MO
952,2022-08-07,0,791,0,6,MO
755,2022-08-08,0,791,0,6,MO
757,2022-08-09,0,791,0,6,MO
953,2022-08-10,0,791,0,6,MO
759,2022-08-11,0,791,0,6,MO
954,2022-08-12,0,791,0,6,MO
